|#|Player|Playcount|SS|Submitted|Accuracy|Max Combo|Replays Watched
|#1|Windy|63268|2671|11074|99.0226|4052|3660
|#2|Dode|142733|3685|9723|99.2472|5187|8730
|#3|EliasMeira|59482|426|8158|98.2698|1368|3
|#4|Coreanmaluco|344928|1277|7841|98.1871|9288|38917
|#5|guimelou255|55570|957|7063|98.8257|4181|282
|#6|spaik780|59409|4241|7045|99.6673|2223|295
|#7|HideZ|124823|162|6826|98.9535|5937|528
|#8|Mismagius|169811|523|6698|98.398|9288|190724
|#9|Dada|76524|952|6687|99.5274|7755|4749
|#10|TlAGOBABUM|161080|1580|6395|98.6876|4429|1694
|#11|Little Sister|155512|597|6310|99.0589|6004|317
|#12|ushr|49975|309|6103|98.8587|3017|80
|#13|Pithersnw|46803|43|5879|97.8524|4230|116
|#14|Myshiro Neko|86004|508|5831|99.0889|3286|501
|#15|Ridley|42544|389|5820|99.0445|8737|430
|#16|Takuya Yamanaka|94607|197|5782|99.0645|7143|358
|#17|Flow-|66749|281|5741|99.5553|4089|795
|#18|Verdade|156204|2104|5517|98.7132|2345|7891
|#19|MatheusHsD|91497|397|5435|99.4372|3887|418
|#20|JohnVctor|35803|425|5428|99.0084|2257|430
|#21|Crymore13|55169|165|5426|99.1131|2892|63
|#22|Kanata Konoe|67728|2214|5401|99.1417|2019|11096
|#23|niii_san|160497|684|5338|98.7712|8890|28693
|#24|ihncft|43139|202|5300|99.078|3431|70
|#25|Checha|122312|4598|5265|100.0|5187|3654
|#26|Okonar|97669|487|5263|98.7598|4592|341
|#27|Appue-|61527|2381|5071|98.839|2340|30
|#28|Muge0108|128964|211|5056|98.6917|3220|265
|#29|luis10barbo|74679|43|4991|98.6807|4218|97
|#30|FatalMusic|82883|212|4970|99.1156|3589|247
|#31|Nebiros|190845|436|4908|96.9264|1702|30
|#32|Hana Fubuki|59055|248|4871|98.9775|3359|141
|#33|Juanvfx|93140|214|4821|99.1672|4180|448
|#34|sunosz|109314|130|4655|98.5181|3109|1517
|#35|Akane Hime|88354|389|4635|98.7889|7682|1566
|#36|999kalel999|23337|23|4607|98.7947|3666|19
|#37|-Entropy-|90282|383|4603|99.2551|3588|159
|#38|Sevigoth|102578|493|4454|99.1211|3553|639
|#39|SpikePiason|79600|31|4370|98.7569|4115|152
|#40|Rogi|53433|18|4324|97.8764|3241|20
|#41|Voltronn|119108|217|4221|99.3849|8897|120
|#42|Devilnipo|57644|28|4206|98.7008|1703|12
|#43|gilherme boulos|123826|69|4192|98.9096|5311|2518
|#44|Kowari|98870|335|4168|99.2965|2349|464
|#45|Podus|142921|183|4154|98.2996|3367|380
|#46|- Lamp -|71314|258|4091|99.3111|1908|251
|#47|Hettica|134183|143|4060|99.1796|2873|2410
|#48|JauumGOD|106063|34|4049|97.2828|2924|45
|#49|kanguruh|41424|340|4042|98.9208|2927|1034
|#50|MouseEasy|168753|303|4007|98.4069|4593|231455
|#51|AKAME_J|55657|62|4002|98.7884|1984|2
|#52|RaxTV|148815|141|3997|98.4792|5168|313
|#53|Predominador|32354|1736|3996|98.7239|3022|370
|#54|oppressir|28304|125|3920|98.1333|4589|11
|#55|O Estranho|55580|1857|3862|99.4043|4545|137
|#56|Kuroame|96856|84|3837|99.1454|2505|329
|#57|4bit|32004|49|3812|98.5188|1984|13
|#58|Yuuzinho|228329|250|3796|98.8593|7507|18654
|#59|popera|71335|32|3750|97.6635|2780|69
|#60|Yuki Elison|106702|209|3736|99.305|3589|926
|#61|Shott|199942|90|3706|99.17|3588|6491
|#62|Uchirrod|61642|39|3703|98.5326|4593|148
|#63|M - Jay|133867|129|3688|99.0067|2323|90
|#64|Rafacar|73383|498|3669|98.9439|3962|6661
|#65|Geru|110241|339|3654|99.1363|3049|177
|#66|jujuba46|92106|254|3645|99.006|4051|107
|#67|Tatiyama|112439|90|3632|98.8069|3945|35
|#68|Miyarushi|58492|27|3632|98.5177|2484|106
|#69|celowz|80599|146|3600|99.031|5045|62
|#70|facedog|105725|300|3573|99.3152|3936|394
|#71|himuy3|174101|2764|3525|99.845|5578|2229
|#72|Polaco|120789|270|3520|98.889|3219|14496
|#73|mikocon|156962|68|3502|99.1924|3272|26
|#74|Floatyy|52022|61|3495|99.278|3589|25
|#75|Silver Eyes|113465|396|3465|98.5182|6687|58
|#76|Fenrir|97293|332|3460|99.4671|5086|148031
|#77|ediizin|110398|240|3460|98.7814|2321|500
|#78|Aayn|80416|155|3455|99.3065|2157|268
|#79|Cnys|60235|157|3453|98.9082|5141|7
|#80|Astris|221133|65|3451|98.8862|9385|3190
|#81|Kaguyaaw|71602|110|3435|99.3769|1901|158
|#82|Idealism|108283|108|3420|98.4231|3690|29337
|#83|Yuichanx|53168|33|3396|97.8137|3379|144
|#84|matmagc|49845|47|3392|98.6681|5296|30
|#85|NovatoKing|62762|28|3391|98.158|8315|2119
|#86|xdmuriloxd1|75191|113|3367|98.8687|2410|9
|#87|CarlosVeiga97|58930|1470|3363|99.2745|2105|1800
|#88|oTs-Joaka|97807|73|3343|99.0382|4185|198
|#89|Leo Cry|49242|184|3332|99.4658|3589|662
|#90|xxluizxx47|136662|256|3330|98.7006|8401|29129
|#91|Fobenga|70814|161|3316|99.0932|5001|180
|#92|Pinguim|109537|83|3316|98.9373|3588|17
|#93|Cosseno|107968|103|3280|98.4284|4246|110
|#94|qyoh|69389|90|3278|97.953|6671|169
|#95|weak|89908|68|3271|98.0877|5483|1475
|#96|Crimson Dragon|95515|126|3263|99.2492|4940|783
|#97|Schach|109318|48|3256|98.0688|2990|411
|#98|Manu|34281|236|3242|98.7654|4293|28
|#99|ZK4SH|89849|39|3224|98.8105|2190|16
|#100|Lito|170978|155|3203|98.9588|2161|41
|#101|Stardust|100480|168|3193|99.37|4591|648
|#102|AbsoultMMA|86168|125|3192|97.2081|3374|4
|#103|Taragotto|79928|114|3189|99.144|2469|104
|#104|Leohoh|29576|18|3183|98.6621|2289|13
|#105|Eliso|62006|94|3179|99.0872|2717|16
|#106|Sakura Airi|86746|76|3179|98.9752|3932|79
|#107|yNyash72|30211|117|3167|97.9416|4295|280
|#108|fumiyashok|58265|578|3164|99.2272|2044|5
|#109|milenna|67615|151|3154|98.8503|3562|120
|#110|Lincoln|151119|503|3152|98.6543|2279|183
|#111|Gaiava|102249|37|3147|98.6836|4177|1600
|#112|KunkSama|99351|36|3146|98.8305|2859|14
|#113|jairocor|97262|163|3131|98.7638|5255|1008
|#114|Moete|152852|127|3130|99.0766|5936|562
|#115|Take no Hana|107458|99|3128|99.0257|4378|572
|#116|- DARK -|121555|126|3114|99.1278|2219|14522
|#117|pwerus5|57088|109|3098|98.0128|2461|60
|#118|zXLeOoXz|69798|185|3089|99.4284|2510|11
|#119|NEURONIO|94045|171|3087|98.9891|4573|588
|#120|preisteixo|36851|31|3086|98.9837|4152|62
|#121|Sayanzi|48002|1097|3069|99.466|2428|721
|#122|-tatari-|42037|61|3067|99.2161|2597|7
|#123|Sakura_Sx|52967|124|3065|99.1584|1714|8
|#124|powerstream89|56696|103|3062|98.8089|3262|1049
|#125|-Matyr-|61608|1064|3042|99.3342|5184|235
|#126|ySenaiva_|41218|465|3040|97.9578|2090|7
|#127|rtyamazaki|82512|196|3030|98.8764|3047|833
|#128|Draell|101333|506|3016|98.7515|7174|135
|#129|MoonEater|58873|257|3007|98.6404|3588|284
|#130|Texats|113642|83|3006|98.7113|4295|903
|#131|Enenra|102336|374|2995|97.9156|2640|20
|#132|Luisiho|56548|156|2980|99.036|4138|253
|#133|gvt|22550|102|2979|99.2554|1818|6
|#134|Lonli-chan|26882|45|2976|98.8682|2120|12
|#135|OLuffyP|151362|148|2975|98.8186|3286|33
|#136|XOsiris95|93957|24|2974|98.8661|1656|1
|#137|Marshall1237|76034|28|2962|99.2265|5200|61
|#138|Meronyth|69222|41|2955|98.7657|2237|51
|#139|sirusi|74668|68|2945|98.8823|2660|82
|#140|Suva|209180|113|2943|98.0049|7757|965
|#141|Sanapri|52113|956|2941|99.2474|4592|1660
|#142|V3GT1|97259|221|2940|99.2314|2134|11
|#143|playerdark|80296|41|2934|98.8122|2158|44
|#144|Mystia|197056|261|2922|99.0241|6146|108154
|#145|- Aikawa -|32052|82|2920|99.435|3589|102
|#146|kalraken|72165|41|2902|98.6017|3869|18
|#147|Takurusuma|92406|95|2877|99.3358|2143|160
|#148|darken1|77092|44|2876|98.4521|2144|40
|#149|Godoka|86953|99|2875|99.0591|6536|52
|#150|SrSkyPlayer|67386|119|2873|98.7605|6640|397
|#151|kannyaws|95838|47|2859|98.9022|7388|54
|#152|RafaelXDP|78246|131|2857|98.5924|7753|138
|#153|-Milky-|57286|39|2854|98.9554|3551|38
|#154|-Alone-|104301|104|2851|98.4611|4912|310
|#155|Distant years|49317|73|2841|98.7286|5086|859
|#156|jhonddr|100968|310|2834|98.6953|4053|12399
|#157|Sanjilift|206081|49|2832|97.7857|4250|2090
|#158|Makawais|203380|514|2812|98.6949|2674|57
|#159|-Number|62818|25|2805|98.2763|4184|24
|#160|Fawkes|115766|134|2803|99.2285|3606|63
|#161|Vopz|81853|138|2803|99.3332|3580|248
|#162|Zekker|116401|959|2798|98.7581|8903|41761
|#163|Sildao|94723|61|2778|98.687|1784|28
|#164|TriksGame|61193|203|2769|99.1362|3637|267
|#165|_Kyuri|56260|68|2766|98.6192|1710|10
|#166|xKirito|57751|212|2765|98.1096|5155|1437
|#167|Nonolism|90834|20|2751|98.095|2688|239
|#168|Trenord|59409|111|2748|99.1832|1720|11
|#169|Nukrid|119063|204|2729|99.0793|3216|564
|#170|PESTE|74465|89|2727|98.0888|3589|78
|#171|Serial Dreemurr|61087|185|2707|99.2521|3102|1194
|#172|Jacques VST|74017|123|2707|99.7466|3589|28
|#173|ZuniXistren|61769|193|2696|98.3838|3140|25
|#174|tfg50|85931|257|2688|99.6696|4593|1350
|#175|KamyKi|19360|204|2685|99.0798|1431|32
|#176|HarlemHD|92957|139|2685|98.9744|1595|16
|#177|Coconutt|93193|38|2680|98.7316|3336|27
|#178|Sooki|143773|24|2673|98.687|2873|5760
|#179|Liruz|35421|149|2670|98.6648|2531|127
|#180|Stailler|105066|123|2668|99.3248|3142|47
|#181|Rosaria|108217|618|2660|98.9505|4146|552
|#182|Miwari|91080|906|2659|99.0806|4292|2596
|#183|TheNookBr|35848|46|2657|96.5377|1634|0
|#184|Betinho_RGLN|66281|51|2643|98.042|2937|68
|#185|httd|90012|31|2642|97.4548|5154|2507
|#186|NoSin|70949|138|2639|97.7495|4161|2467
|#187|- Ex -|116952|178|2638|99.4305|2546|292
|#188|Sorixx|85141|57|2621|99.3295|6588|788
|#189|Serra|145004|42|2608|98.1159|7359|312
|#190|Hanikawa Kurose|66247|85|2600|98.0288|3671|71
|#191|Choosecake|76316|102|2598|98.789|2972|9
|#192|Carioca_|116227|160|2590|99.2833|4134|31
|#193|Yokkai|18353|219|2585|98.9548|3589|59
|#194|Juh|108285|56|2569|98.5503|5189|1259
|#195|Kemosapei|74263|32|2568|97.8266|2490|225
|#196|My HDHR Sucks|96448|109|2567|99.2489|3128|127
|#197|DragonFury19|51090|156|2567|98.4983|1706|35
|#198|daniel3k|36552|161|2553|98.6661|3157|156
|#199|Dokie|197883|58|2553|98.8559|5085|2916
|#200|Pianisuto|45545|53|2551|99.1294|4917|7
|#201|Gohan711|60189|74|2549|99.2704|2874|8
|#202|Minpz|102644|76|2547|98.1293|3522|68
|#203|sat|72397|52|2541|98.4253|4151|45
|#204|- Nirayuki|41529|45|2538|99.1398|2348|10
|#205|defermem|59791|59|2537|97.4525|2066|12
|#206|Potato246|52808|42|2523|98.6281|3257|27
|#207|Inaloko|44418|1|2521|97.7037|1673|6
|#208|Aetheris|39652|21|2519|98.4538|3589|58
|#209|LuizDeSnek|93841|105|2515|99.0689|2073|6
|#210|Kadran|105389|55|2512|97.7725|2580|67
|#211|Sakayaneegi|146630|237|2511|99.2983|2790|8470
|#212|deep senpai|64623|97|2505|98.6697|3141|162
|#213|ReeCaptcha|28192|89|2493|98.0|2792|3295
|#214|Sagi X|46365|32|2488|98.5598|2178|12
|#215|Darkk|97362|82|2483|98.32|4177|788
|#216|caua|54862|111|2474|98.9604|4590|105
|#217|Song YuQi|31567|201|2473|98.7717|1787|5
|#218|ReadUmineko|103691|25|2462|99.0763|2767|58
|#219|Ncookie|26662|66|2452|99.0069|2347|47
|#220|Bed cuz sad|75418|32|2450|97.6462|3459|24
|#221|sushimi|51441|77|2449|98.6597|4590|1235
|#222|Moeta|82686|21|2442|98.0422|6824|385
|#223|TheGuigsVamp|101436|1465|2441|99.2047|2347|24492
|#224|suspequiti|45708|73|2433|98.7046|2875|21
|#225|January 25th|54176|22|2430|98.4285|2193|61
|#226|ISlowneR|114128|69|2426|99.191|2218|1
|#227|Yuuto Haruhiko|93135|52|2426|99.2668|3011|5
|#228|Mind|164142|116|2423|98.8286|3150|2585
|#229|est|27792|76|2422|98.514|4230|417
|#230|snyviper|93923|221|2421|99.2651|1956|287
|#231|Maaki-|33463|700|2421|98.5606|2223|3
|#232|3111|33234|40|2419|99.1457|2282|144
|#233|migsupremo|24996|142|2418|98.9585|3837|6
|#234|Sphongle|68929|43|2411|99.2183|2434|15
|#235|Slooopy|53368|30|2411|98.3212|2022|64
|#236|AlexTroIIPsy|83885|164|2405|98.3417|3589|113
|#237|Jik|85036|61|2404|98.9113|4549|90
|#238|Hillclimb|52378|88|2404|98.5213|1390|10
|#239|HP_life|30866|94|2403|99.1083|2057|0
|#240|-Smine-|66321|55|2390|98.5886|4590|76
|#241|Felop|74778|10|2385|97.8443|7069|89
|#242|Cilvao|46536|21|2374|98.3875|1926|11
|#243|Tadashiroo|58941|68|2372|99.2977|1641|10
|#244|Nishi43|23356|14|2369|97.6692|1872|4
|#245|aldimum|60623|64|2369|97.8505|2584|150
|#246|Kitoro|101495|261|2368|98.0166|2009|15
|#247|Sosty|68465|84|2359|98.1867|4376|131
|#248|Skyme|107601|30|2356|98.9714|4000|635
|#249|Yorunaga|52635|41|2351|99.0078|5086|78
|#250|Dinilsu|132114|52|2348|97.7307|5531|368
|#251|ColobocoGomorBR|29927|70|2347|97.6821|2955|88
|#252|[ p e d r o ]|35131|45|2346|98.6719|1584|17
|#253|Aphorims|64714|87|2345|98.7834|2827|684
|#254|KronnoZ|110178|83|2345|99.307|2459|39
|#255|M a f u y u|41708|71|2343|98.9818|2323|4
|#256|Malucks|77846|68|2340|98.8587|3326|5
|#257|-Danns|126802|91|2331|98.7413|3730|28
|#258|Uzi|97926|164|2330|99.6484|3088|270
|#259|Yuugiri|44505|55|2324|98.5716|2021|55
|#260|Nexus-|83603|37|2320|99.026|2032|33
|#261|nicas|35919|53|2319|99.2042|2808|4
|#262|Coxinha|32168|13|2314|98.0698|2457|2
|#263|-Nozomi Tojo|150371|130|2314|99.3822|2773|49
|#264|[- ZiinHG -]|122142|50|2313|97.9528|6240|260
|#265|Sign4l|50611|84|2312|98.7079|3559|27
|#266|Liena|55990|53|2310|98.8088|1913|20
|#267|Setsein|73188|82|2305|98.2177|2479|38
|#268|antsu|24235|62|2305|97.5314|3101|292
|#269|Maid-chan|39799|426|2305|99.1849|2277|254
|#270|Crowleey|82108|41|2304|98.1833|3196|48
|#271|LordOfPao|27788|71|2303|98.3943|3923|2
|#272|metangross|62663|39|2301|98.8659|2601|13
|#273|DemiGD|47715|16|2299|99.0216|1611|3
|#274|Railander|33610|24|2293|99.0548|2065|3
|#275|jaaaOP|80319|71|2289|99.1425|1458|9
|#276|norbertosnt3|88879|68|2287|98.9002|4592|947
|#277|TanukTonico|60556|115|2278|98.7715|2426|64
|#278|Gabrielhideki|26501|12|2268|98.8698|2210|8
|#279|LakayForce|116242|310|2268|98.0713|5086|33
|#280|Wagakki|59822|85|2267|98.1766|2054|15
|#281|Tiagobabum|69317|30|2265|99.0199|3457|87
|#282|AzureMist|39644|26|2252|98.7657|3587|24
|#283|tobiramabr|62827|52|2250|98.8384|2016|10
|#284|D0UG|54815|272|2248|99.0287|2350|34
|#285|Ashtar|72959|108|2247|99.1342|4023|10023
|#286|LeuLins|33319|115|2246|98.8954|1702|76
|#287|J a p p a|23529|54|2245|98.4319|2274|15
|#288|Chrystian|176070|18|2245|98.1916|4293|153
|#289|xGohanVaRj|82607|42|2241|97.814|2718|95
|#290|Katsutf|96955|44|2235|98.6484|2719|47
|#291|Roberto|80143|79|2232|98.753|2873|266
|#292|cannhamo|63843|60|2229|99.0185|1580|3
|#293|cai0|67604|277|2225|99.1939|2889|14
|#294|Viruz|41174|63|2224|98.8732|2617|11
|#295|CYREZ|63975|198|2217|98.2875|4311|608
|#296|herewegoboys|31888|19|2216|98.8443|1614|0
|#297|finalbang4|117781|14|2215|98.2291|2595|39
|#298|Katsuragi Keima|100431|30|2214|98.5089|2758|276
|#299|Gabriel1042|66428|176|2213|98.9146|2108|6
|#300|NelsonJunior|55024|1609|2210|99.6378|4666|1407
|#301|- Kaoori -|90961|29|2210|97.6692|2459|97
|#302|Gat|87928|96|2201|99.0687|2624|36
|#303|Bielzaca|83869|41|2192|98.54|3512|32
|#304|OCaraQue_|41627|100|2191|98.3223|1702|55
|#305|Creper|115692|61|2183|98.8977|7757|82
|#306|Fritzzin|50228|24|2182|98.7417|2108|32
|#307|hopozin|46245|37|2180|98.5817|2244|0
|#308|-Jhon|44930|50|2177|97.5388|2279|18
|#309|ifrithellish|83540|50|2176|98.4308|2348|12
|#310|Aphro|79014|128|2174|98.1796|2903|78
|#311|RayqF5|74536|39|2171|99.1494|2455|28
|#312|Nyukey|64585|98|2164|99.1975|2440|18
|#313|Stonaaz|68262|92|2163|99.273|2353|7
|#314|Jaum|62382|117|2160|99.1928|3136|12
|#315|im myself|46847|25|2157|99.2538|2069|15
|#316|Oppelt|93543|86|2154|98.6109|1704|102
|#317|Blazuru|41122|154|2149|97.5206|1789|6
|#318|Marcx11|44412|48|2149|98.8747|2751|30
|#319|Menoussue|74764|37|2147|97.823|5437|51
|#320|Caio|35605|52|2143|97.8309|2953|45
|#321|Healer|96988|42|2142|98.2214|2388|64
|#322|Meii|83696|91|2138|99.1429|3061|98
|#323|Tomoya Kun|121788|127|2137|99.0586|6188|60
|#324|dragon1092|39693|48|2136|98.3032|3428|25
|#325|T_KaoruB|52327|25|2134|99.2755|2232|21
|#326|LittleFlower|35838|59|2131|98.209|2075|8
|#327|llevvs|30437|61|2127|98.4372|1752|1
|#328|Augart|53682|78|2126|98.5495|3213|52
|#329|Furyy07|117311|44|2124|98.303|4174|114
|#330|Ariisu|112219|44|2122|97.4729|2012|73
|#331|MetomBr|114348|17|2118|98.033|4294|51
|#332|melancholia|102047|60|2116|98.6991|4218|1540
|#333|mrdarkplays|22192|174|2114|99.3336|2232|44
|#334|Toxyri|85306|24|2112|98.4078|3056|23
|#335|Hasemut|75263|4|2103|97.9095|3513|56
|#336|Horzon|70970|1040|2102|99.8531|2276|65
|#337|Dih|62552|37|2098|98.8362|1882|11
|#338|- Kaell -|52490|51|2097|99.1522|3515|17
|#339|MyLove|74152|211|2097|99.0086|2698|130
|#340|BlackStar341|46975|112|2096|99.091|2655|11
|#341|JaoTz1|28662|228|2092|98.6212|3282|10
|#342|Pintoso|84093|43|2089|98.7498|1492|40
|#343|xFelipex|47898|155|2087|99.1603|3342|30
|#344|GabrielTr|76545|-13|2084|98.7919|7122|99
|#345|leite5575|19324|23|2083|98.9342|2007|5
|#346|BRIQUEZ23|63632|249|2082|98.7655|5176|36
|#347|Ranpo|109224|19|2077|99.0668|3034|795
|#348|AndreiSch|50661|119|2077|98.3665|3656|89
|#349|Jaguar|102647|89|2077|98.8918|4474|344
|#350|Breathe|70631|133|2075|98.926|4187|6
|#351|Les Discrets|58380|244|2074|99.2182|2875|2201
|#352|Meqq|50399|51|2070|98.4059|2116|22
|#353|- Kaizen -|70276|62|2067|99.0087|3521|108
|#354|JannerBr|64765|72|2066|98.9782|1523|8
|#355|SKurushimi|53671|17|2066|98.4492|1503|9
|#356|d-_-b|75140|220|2061|98.2419|3548|804
|#357|ChrisBastos|51602|91|2056|99.2972|1703|37
|#358|blackdder|72624|93|2053|98.5654|1798|19
|#359|Bacia Movel|44163|71|2052|98.5917|2711|8
|#360|- Emerald|102812|27|2049|98.6363|4734|294
|#361|1080p|136708|35|2046|98.6912|5497|70
|#362|7Stalker|54687|43|2044|98.8316|2353|34
|#363|filsdeAmoedo|50724|126|2040|98.5244|3717|51
|#364|JABIRIGUIBARETO|50316|156|2039|99.1698|2799|12
|#365|Saewon|198058|233|2037|99.157|3331|671
|#366|Denkigai|66955|23|2037|98.7962|2353|90
|#367|VinnyynniV|52384|90|2036|97.4054|2307|33
|#368|Yharom|64322|14|2035|98.5308|1425|5
|#369|Tobisawa|81732|136|2033|98.1761|2588|13
|#370|hirohi|67214|23|2033|98.805|1793|14
|#371|Procedeus|64990|236|2032|99.0312|4293|846
|#372|Viynni|53352|114|2031|98.9231|2059|32
|#373|Angelsinho|85960|58|2030|98.9862|3806|3
|#374|Kemiha|43767|52|2026|99.2795|1559|20
|#375|ryukiii|32379|43|2024|99.1263|2455|1
|#376|Tell|35505|74|2024|99.4529|7511|569
|#377|Stormix|88161|87|2023|98.873|4171|302
|#378|Nyous|115371|31|2017|97.347|1446|45
|#379|saito s2|77845|34|2016|97.2708|3066|18
|#380|Donovan|102135|58|2011|98.7777|4309|36
|#381|LeleGameplay|39289|31|2010|99.0102|2031|4
|#382|Haniemi|74591|14|2010|98.2416|1935|220
|#383|Jow|47423|108|2006|99.1533|2034|35
|#384|HeBorn|59539|43|2003|98.5318|2207|6
|#385|thikfs|51187|46|2002|98.233|2671|17
|#386|iagoice|118439|46|2002|98.6258|1746|35
|#387|-Oppai-Lover-|31146|71|1997|98.1597|2303|30
|#388|salame64|63432|221|1992|99.3442|3589|2
|#389|DrDelirio|202878|45|1992|98.7221|2465|29
|#390|Yellowl|100193|250|1986|99.5755|5086|4530
|#391|[ Ayanno ]|34665|303|1985|98.5314|1596|71
|#392|VitorSkull|70919|28|1984|98.3203|5086|105
|#393|Cuckiezi|109153|75|1980|98.9573|3612|111
|#394|Chaped|59477|42|1980|98.9715|2390|42
|#395|Darkneszs|41994|14|1973|98.8152|1625|5
|#396|Reloaded810|46959|120|1970|98.7631|2234|3
|#397|Chabirosa|62399|38|1970|99.1688|2757|47
|#398|Ghewon|82883|18|1969|99.2402|2108|40
|#399|azurau|53979|151|1969|99.2807|2425|150
|#400|Volskis|59594|12|1964|98.5991|2111|4
|#401|Hinorim|66861|46|1959|98.6992|2489|19
|#402|KumaSlayer|60234|164|1954|98.5737|3219|38
|#403|helpmeplease1|83561|95|1948|98.6812|4311|67
|#404|Azuos|133402|165|1947|99.5454|2363|111
|#405|Miucs|93091|183|1946|98.8293|3513|12975
|#406|Nemesy|46727|38|1946|96.7428|4518|32
|#407|YAMAT0|85806|85|1946|98.7096|1970|41
|#408|myyuu_|52200|85|1945|99.0694|1432|12
|#409|Delou|67540|50|1943|98.4127|4294|84
|#410|Raskii|88050|37|1943|99.0811|2875|28
|#411|kiachi|59730|47|1943|99.4128|2349|46
|#412|Azdemist|25679|19|1942|98.904|1736|0
|#413|EduardoGiordani|64221|72|1940|98.8049|1319|11
|#414|Kaneek0|61392|86|1940|98.1151|3376|18
|#415|Maot|136657|18|1939|97.9977|2807|141
|#416|dark on osu|70000|40|1939|98.5151|4248|184
|#417|Nekoraw|80682|587|1938|99.2761|4522|216
|#418|Gutorente|69760|112|1937|99.3118|2427|31
|#419|PlayPen|35332|49|1936|98.5826|2123|61
|#420|TheCoosmicX|45556|38|1930|98.9599|3669|25
|#421|Cang Yue|75125|55|1929|97.7458|4396|44
|#422|Humishi|58200|48|1927|98.4167|3218|25
|#423|Miyo Shizue|52245|76|1926|97.9606|2127|30
|#424|Mkalo|41274|211|1922|98.8627|3589|90
|#425|Tsumetai Tenshi|150648|68|1921|98.8753|4295|139
|#426|Darkness Kat|83432|693|1914|98.4798|1524|213
|#427|KingS177|14548|19|1913|98.3899|1658|0
|#428|NeonXD1337|17546|32|1911|98.4347|2095|7
|#429|MouseDrift|63744|9|1905|98.4252|3081|33
|#430|Hyoutan|62559|32|1905|98.9227|2462|64
|#431|iMiingz|51192|107|1904|99.1326|2059|37
|#432|RaphaxD|29445|27|1901|98.2523|2353|1
|#433|Billmax|101476|115|1900|98.0784|1868|225
|#434|Nhawak|45666|168|1896|99.173|3976|172
|#435|Mr Capuccino|29442|33|1894|97.2552|2437|11
|#436|HalfCombo|27022|30|1891|98.4545|2653|2
|#437|Pedrinz7|28807|91|1889|99.218|2808|35
|#438|dieguito|75864|176|1889|98.1465|1716|8
|#439|suupergoku|66628|52|1888|98.9783|1610|4
|#440|-willpower|69103|33|1888|98.6743|2874|28
|#441|Chariot|44247|35|1886|98.6866|2012|10
|#442|Knayu|37009|52|1884|97.6846|1522|32
|#443|-howdy-|74673|34|1883|97.8039|2067|16
|#444|sarachine|64700|104|1883|99.1844|4447|92
|#445|fapazegg|36508|31|1882|98.4774|3496|36
|#446|mihawkx|41653|27|1882|98.924|3095|8
|#447|Nacarato|60380|64|1880|98.6549|2597|53
|#448|Trevo|28493|57|1880|98.8173|2918|41
|#449|LeoFLT|58709|23|1878|98.7588|2143|11
|#450|wtfdoud|90774|89|1874|98.677|2354|3
|#451|GkYoda|79389|56|1871|98.227|2115|18
|#452|Vagner019|66743|41|1868|97.908|2746|37
|#453|M0XA|25501|138|1867|98.815|1620|4
|#454|Ams|38399|207|1867|99.0453|1701|78
|#455|DoTrO|52517|25|1867|98.672|3159|58
|#456|Dafonz|58272|42|1864|98.6578|9289|1169
|#457|thiagofx2|59417|97|1864|98.9952|3111|16
|#458|Bid9Gamer|46020|61|1863|99.2427|3933|14
|#459|-Kiyohiro-|59234|71|1862|99.0847|2060|6
|#460|meirochun|90991|40|1856|98.3449|3485|16
|#461|AlphexX|78136|85|1855|98.4704|3166|122
|#462|darkfailBR|31810|27|1851|97.9801|4053|7
|#463|ninjavenom|48668|13|1847|98.4362|2003|8
|#464|NelsonGomesNeto|58037|185|1846|99.4508|2094|80
|#465|[ Leywin ]|37084|34|1841|98.6677|1913|2
|#466|ijnek4|93854|45|1840|99.0626|4779|3
|#467|-Useless|28744|106|1840|97.4867|1539|45
|#468|-uhnizuxeN-|66403|19|1840|98.4996|3809|11
|#469|janinha|59094|91|1839|98.8299|4746|3
|#470|W V|41710|232|1837|99.3457|2969|16
|#471|ZazaFavela|133005|57|1834|99.4362|4292|296
|#472|milim|64870|33|1834|98.5361|7915|66
|#473|Kauan|133803|61|1834|99.1845|4590|22
|#474|- Blackstet -|86864|17|1830|99.1354|2219|28
|#475|Provolonex|41882|16|1827|99.1445|2652|11
|#476|Mirtrax|104297|19|1824|96.6203|3867|2712
|#477|NeerooXD|117945|70|1824|98.3762|2777|29
|#478|Neko Nii-chan|40388|3|1818|98.9124|3135|20
|#479|bagaralho|63657|12|1816|98.9085|2770|2
|#480|Alisson|95503|12|1815|98.5938|3802|172
|#481|polusca|62440|59|1815|98.8878|2601|2
|#482|Asobu|44293|46|1815|99.1787|1558|1
|#483|Demonsim|37642|110|1814|98.7691|2427|59
|#484|Krepixie|22028|171|1814|98.8|4052|26
|#485|angelrawr|27139|56|1812|99.3672|4061|54
|#486|Brunows11|51210|87|1811|98.8084|4294|335
|#487|Magendo|136624|163|1811|99.0517|2455|76
|#488|AyameYuuki|55099|38|1810|97.8738|2692|168
|#489|-Holo|74087|9|1810|98.5059|2199|7
|#490|Phylon_|29198|10|1810|98.7189|2022|0
|#491|Anisio|39629|254|1809|99.1789|2260|146
|#492|Dzy|39365|62|1809|98.8092|2330|15
|#493|Japa268|69217|18|1806|98.1272|2212|8
|#494|DiogoAnacleto|32067|124|1803|99.0306|2346|53
|#495|MiniTet|41521|535|1801|97.371|1439|195
|#496|GKipper|48447|80|1801|97.612|1585|0
|#497|rockrick|39009|49|1799|99.2947|3849|87
|#498|Dratos44|76464|54|1799|98.1583|2351|16
|#499|Pooru-san|97167|67|1798|97.6992|3538|73
|#500|CNP|57690|77|1797|99.0549|4862|8
|#501|yMaTy|59049|55|1796|99.0604|4081|54
|#502|Moffle|37761|115|1796|98.4817|2011|11
|#503|MeliodasIP|71936|101|1796|99.1307|1720|8
|#504|Eu Clico Rapido|30214|62|1795|98.7393|1436|21
|#505|Z3r0_3|18639|108|1793|99.2382|2352|9
|#506|Upload|82629|28|1793|98.3499|2203|22
|#507|Yumie|69044|44|1793|99.2064|2455|58
|#508|EqN|35460|10|1793|98.6829|1588|16
|#509|-Krilia-|123884|56|1792|97.9109|1658|1
|#510|Aino-Seiji|67174|75|1790|98.9201|2157|8
|#511|[ Vitor ]|75295|57|1789|98.5859|3217|29
|#512|mysteltainnn7|76898|9|1788|98.5833|3385|8
|#513|driguzera|48331|130|1787|99.227|3936|229
|#514|manfredo|85352|42|1784|99.1798|4992|44
|#515|RedSpyBR|85273|13|1782|98.4284|2447|9
|#516|AdestraLhama|22172|5|1782|98.1309|2019|1
|#517|Rasen|43514|97|1781|99.1619|2676|101
|#518|tega no mac|69289|36|1776|98.9459|1941|13
|#519|Bartneck|45298|8|1776|98.3469|1925|3
|#520|Lenzo|30523|59|1774|98.6234|2350|13
|#521|DoutorPastel|32788|16|1774|99.1892|1823|7
|#522|nicesinx|26969|42|1774|97.9485|2134|5
|#523|Luccachu|75525|21|1773|98.5334|2848|47
|#524|NikstuAo|44324|21|1766|97.8171|1681|2
|#525|QuasarLiquid|40066|51|1765|97.8565|2235|19
|#526|RLM RAFA|19805|12|1763|98.1963|1724|0
|#527|Marco122|47617|4|1762|97.3791|1881|4
|#528|Iago G Cruz|93767|51|1760|99.2275|2905|26
|#529|lil_wage|23887|42|1759|98.5879|3589|5
|#530|guuh1901|114380|87|1755|98.3111|3055|47
|#531|LightnigBlue|21067|110|1754|98.4407|1877|4
|#532|Giilberto|40191|56|1754|99.3025|2268|2
|#533|Batzakas|28582|62|1751|98.2968|2350|1
|#534|Free yourself|88437|177|1749|99.685|3589|1105
|#535|Wooudy|30485|41|1747|98.0334|1736|15
|#536|Hiyori-Kami|47742|13|1747|99.116|1746|3
|#537|Lezinho|51051|34|1745|99.0073|1788|22
|#538|IoahimLow|72461|22|1743|97.1597|4311|145
|#539|galaxia_xd|29288|44|1739|98.1563|1737|7
|#540|Hayhorn|64571|15|1736|98.2852|3589|19
|#541|Lolyn|18215|783|1735|99.3896|3254|190
|#542|yArtamiel|79863|68|1735|98.7115|3193|3
|#543|xShielder|52776|66|1734|98.6326|2776|36
|#544|VeeReeLe|34615|25|1732|98.9493|3616|33
|#545|Cencrys|37628|53|1732|98.9875|2236|26
|#546|Blackiez|17654|155|1726|99.4883|3937|63
|#547|Lither|36270|28|1726|99.0055|1566|1
|#548|Roachh|30913|19|1724|98.8385|4067|21
|#549|Harune|30279|90|1722|99.2455|3703|76
|#550|xMrMathz|36647|36|1722|99.2987|2154|8
|#551|Fred727|113348|91|1720|97.6742|2354|103
|#552|Floaddy|53243|284|1718|99.2041|4357|838
|#553|HayTuna|76089|5|1712|99.2218|2348|8
|#554|Flames99Fs|41165|37|1711|98.8909|2703|4
|#555|xAsuna|81060|2|1711|97.0319|3059|160
|#556|rinuu|56019|66|1710|98.0416|2552|193
|#557|-SirPepo|131860|94|1708|99.1231|2238|8
|#558|[Akemi Hime]|62036|26|1708|96.9579|1948|5
|#559|AlfaDemoon|43467|71|1705|99.3837|2060|11
|#560|yvou300|69336|14|1705|98.517|1539|1
|#561|-Heartless-|61149|18|1705|97.8941|3522|155
|#562|KSHGod|25479|60|1701|97.6904|1509|2
|#563|Jibou|46610|48|1699|99.2257|2349|5
|#564|douglasnt|97129|6|1698|98.0542|2717|4
|#565|Fow|94390|59|1698|98.4138|3589|67
|#566|-Yagura|41939|93|1692|99.4315|2523|7
|#567|keepbad|78809|20|1689|98.5257|2770|7
|#568|Sickoh|134944|62|1688|98.5548|4166|1328
|#569|Last Sonata|83437|37|1688|97.3758|5151|281
|#570|kNNj|53835|24|1687|98.7061|2150|32
|#571|bosta|70143|63|1682|99.1273|4178|13
|#572|Skull Kid|49901|137|1682|99.625|2187|68
|#573|fiwon123|49182|50|1681|98.2149|1472|2
|#574|Lumina|61604|270|1681|98.9547|2097|77
|#575|Geoth|35591|108|1679|98.6744|5936|27
|#576|Zenvio|158232|32|1679|98.169|3193|101
|#577|licielg|67864|27|1679|99.274|2346|7
|#578|imblurredhaha|27239|4|1678|98.0284|3418|5
|#579|HowRengar|44935|9|1678|98.6362|1504|13
|#580|-Brites-|49918|20|1676|97.3625|5577|20
|#581|Sitting Mars|51755|29|1676|98.8132|1366|1
|#582|Sathanone|82928|350|1676|98.3554|2417|4
|#583|Batatin|38823|20|1676|98.3957|2639|35
|#584|Batmann248|101349|13|1674|98.5093|4936|56
|#585|pacolism|68646|103|1674|98.5564|7158|29
|#586|soul chronicles|33893|27|1671|97.7281|1875|14
|#587|Sinn0n|42290|26|1671|98.3951|1620|4
|#588|Ganimedes|45990|32|1668|98.5514|3586|57
|#589|Ayuumi|64200|20|1668|99.1352|3952|11
|#590|blueballoooon|62607|485|1668|99.6878|5187|38
|#591|shellyts|60111|46|1667|99.2602|2071|22
|#592|NotoriousEizy|30488|19|1666|98.9788|1911|1
|#593|[D]enis|48433|106|1666|98.4657|3144|99
|#594|-Moonlight|67728|75|1666|99.1769|1911|34
|#595|SyxHunter|39103|19|1665|98.8096|1923|0
|#596|minidodi|43099|26|1664|98.303|1862|14
|#597|Pengzy|76212|232|1661|99.5577|4127|1298
|#598|- Best|148037|19|1661|98.2699|2413|641
|#599|Sorynda|35507|569|1660|98.9712|4052|75
|#600|-Panday-|78563|16|1660|98.5085|2761|12
|#601|brenin foda|52020|18|1659|98.9178|1759|1
|#602|[Goku]|84721|31|1659|99.2958|2038|26
|#603|potatat|115461|32|1656|98.6861|2778|35
|#604|KaZuoo|46385|39|1654|99.053|4408|65
|#605|PlushyChunk|32437|426|1654|99.3814|2274|58
|#606|Deimso|26701|83|1652|98.5177|2338|5
|#607|rengarq14|36848|63|1652|98.935|2038|3
|#608|Kannasy|45963|26|1651|98.3845|1916|3
|#609|piotogomes|26291|5|1649|97.8434|3548|2
|#610|Bariton|45556|138|1649|98.5265|3279|1005
|#611|Faito|91451|12|1644|97.7251|1935|14
|#612|Slow22|42666|75|1639|97.7851|2412|19
|#613|SillyFangirl|37447|30|1638|96.2221|5574|1795
|#614|Papa jones|44444|71|1635|98.721|2578|325
|#615|TikTak|80223|184|1634|98.9892|2775|216
|#616|K4L1|41186|51|1633|98.1318|1879|64
|#617|zfireee|108225|49|1633|98.6101|3127|18
|#618|Miintysz|33801|23|1632|97.3908|3164|40
|#619|- Ruby|83717|50|1632|99.0272|3479|136
|#620|Rodwolt|17451|95|1627|99.521|2348|6
|#621|leozinhoo|65139|29|1625|98.6357|2389|82
|#622|SemNickh|96952|151|1623|98.4617|1207|3
|#623|Kobazini|61643|42|1621|98.0933|2199|2
|#624|fenixhunterr|19547|14|1620|97.1259|2078|16
|#625|BattlePig|35813|25|1620|98.6816|2224|4
|#626|nofleux|51390|17|1618|98.8813|1364|1
|#627|Maps|38658|181|1618|99.1867|2276|7
|#628|Downslide|95605|63|1617|99.0245|3588|8
|#629|Hikkii|47808|16|1616|98.5508|1430|3
|#630|Cubsphere|62569|68|1615|99.606|3102|132
|#631|miradzin|53508|37|1614|99.1272|2218|8
|#632|PlankGang|24043|45|1613|98.9252|2739|14
|#633|My Angel-Koishi|32646|166|1612|97.9167|2361|3
|#634|Narvalz|71058|11|1611|98.491|3700|0
|#635|-Emma-|35692|8|1610|99.1614|1604|6
|#636|FlushyCS|32669|102|1607|98.1179|2451|5
|#637|FelipeTorqs|32987|13|1607|97.9407|2063|3
|#638|Leoshinoya|61149|42|1606|99.0082|2349|2
|#639|Arakiel|17729|32|1606|98.4184|2126|28
|#640|KiritoBadass|41322|90|1605|97.7892|3587|16
|#641|logomorfo|58151|63|1604|96.4785|2317|13
|#642|SWEZer0|19562|37|1602|98.7362|1456|2
|#643|GaPje|47600|47|1602|98.5495|1452|6
|#644|Dallas14|43658|51|1599|98.7267|2168|0
|#645|Minoxs|91796|44|1597|98.9957|2100|56
|#646|Zinho|59479|117|1597|99.5247|2069|33
|#647|RivenKing|20032|67|1597|98.8353|1790|7
|#648|iST0NE|42416|18|1597|98.4253|2058|35
|#649|Rainotori|35170|135|1596|98.9523|3586|14
|#650|sqw123ju|48613|28|1594|99.0544|2777|3
|#651|jaykk|22346|19|1594|98.3701|1846|1
|#652|yashirox3|43411|47|1594|98.8607|2177|13
|#653|Rfortes|54656|37|1592|98.686|2935|39
|#654|Leector|64351|37|1590|98.2579|3093|3
|#655|My Spaghetti|36248|20|1589|97.6865|2466|6
|#656|Splou|41303|16|1588|99.0414|2276|3
|#657|Hakureiii|17795|113|1587|98.4572|1667|2
|#658|Konomin|47406|7|1587|96.979|1607|3
|#659|TheGame9583|37702|21|1586|97.5445|4085|19
|#660|horbit|87535|12|1586|98.5887|1698|3
|#661|MrTrolll|45924|41|1585|98.2076|3143|12
|#662|mixtrik|32271|44|1583|98.5609|2228|6
|#663|BKGsyfi|45387|18|1582|98.3151|2975|2
|#664|kindokunz|29752|15|1581|98.4708|2117|11
|#665|LucasMelo|28064|49|1581|99.1324|1892|0
|#666|Dinnerboins|18600|78|1579|98.5142|1720|11
|#667|zicaneto|65868|63|1578|98.3602|2260|26
|#668|Burguecircs|27172|483|1577|98.4865|2580|16
|#669|[ Hajime ]|20648|16|1577|97.5372|2703|4
|#670|Gaba yvis|44233|11|1577|98.1676|2518|257
|#671|xLeoSOULx|98413|52|1574|99.0023|3724|423
|#672|Vinizalt|80978|20|1573|98.6952|3665|132
|#673|MengaloF|51730|44|1573|98.3759|3212|13
|#674|andrehuk|54107|79|1573|98.7837|2596|0
|#675|ruladin|16732|55|1572|98.4248|1512|0
|#676|AkashiGOD|53869|32|1570|98.3235|2058|4
|#677|Renamon|103046|29|1568|98.0876|2578|34
|#678|Matuella|29496|22|1564|98.6792|1530|16
|#679|CoffeeTime_|38285|5|1562|97.6988|2056|5
|#680|Blazi_Bits|35864|26|1562|98.7497|2384|0
|#681|Bikko is legit|99814|180|1560|99.4515|3589|25
|#682|Marduk|34742|37|1558|98.8917|4591|11
|#683|_Taiki|91511|59|1558|98.6213|2645|199
|#684|CIay|90810|82|1556|98.926|4160|715
|#685|Hetisen|56824|9|1555|98.5942|1672|6
|#686|Vcell|98966|37|1553|97.5938|2337|150
|#687|Ayamarusa|92047|66|1553|98.9147|2455|13
|#688|tmBeast|26475|126|1551|99.4593|3589|66
|#689|Kenshin Himura-|102852|91|1550|99.3831|2874|81
|#690|Escudeiro|42259|197|1549|97.2922|1555|2
|#691|DanielHZ|27979|18|1549|99.1708|2874|4
|#692|Orakto|21811|24|1548|97.7499|1922|3
|#693|MaathKuun|63467|21|1547|99.0108|2777|290
|#694|iFactor|39478|13|1546|98.8069|1712|0
|#695|guimbab|79748|401|1544|99.224|1704|566
|#696|Suzunaru|122645|72|1541|99.0974|2286|29
|#697|-YUYU|90655|236|1536|98.7329|2205|51
|#698|Swawey|42836|62|1536|98.2823|2069|14
|#699|- Nevo|35251|53|1536|98.2353|2239|53
|#700|LeoOdrano|66387|40|1536|98.6891|1566|5
|#701|Diegod|40661|41|1535|99.1586|5150|28
|#702|LorGue|25642|70|1529|98.8631|1874|19
|#703|LeaverAFK|39146|33|1527|98.8808|2144|5
|#704|[O]nLy|38877|69|1526|99.2599|3731|96
|#705|Susten1|33965|70|1525|99.1333|2518|7
|#706|L1nKe|66614|2|1525|97.6632|1774|13
|#707|NekoGod27|40942|74|1523|98.7041|1769|3
|#708|Dantes Dem0n|36311|57|1521|99.1264|2360|26
|#709|Kyriony|67561|60|1520|98.5196|3051|122
|#710|Seonuk|24062|164|1519|99.3766|5187|5
|#711|Gilneizinho|60574|65|1519|99.1176|1798|31
|#712|Lacter|40043|131|1518|98.8129|2277|43
|#713|D_Pedroso|44783|27|1518|98.5488|2460|19
|#714|WhisperOnn|74685|41|1518|98.7381|2235|11
|#715|FlixDead|54423|13|1515|99.3007|2664|10
|#716|oh dear|43720|31|1515|99.0765|2362|10
|#717|Keehs|35132|48|1514|99.0218|3149|18
|#718|Yoshiko-kun|56546|59|1511|96.3391|1580|7
|#719|Gaupe|38461|50|1510|98.0946|2218|287
|#720|vaxDaWae|41837|8|1509|97.6555|1775|0
|#721|GabiBoltZ|26999|42|1509|98.0214|2773|2
|#722|ladywarrior23|42141|24|1509|97.4979|4158|36
|#723|-insomnia-|36531|15|1509|98.8709|1686|1
|#724|UoooU|57224|66|1507|99.2787|1978|26
|#725|richardmk|16880|21|1506|99.2281|2339|8
|#726|HikeKnight42|42591|13|1506|98.0135|3008|0
|#727|edukk|25767|86|1505|99.2159|1329|4
|#728|ItaloSM22|53452|51|1504|99.441|2028|6
|#729|alvarohsp|41543|69|1503|99.263|1675|69
|#730|aztecqx|16742|64|1502|99.1701|2029|6
|#731|rre4952|39100|40|1501|99.2808|2651|1
|#732|ExVisEx|20574|75|1501|98.349|2538|10
|#733|Gabie|49854|30|1500|98.5941|2237|19
|#734|agaraga|34436|86|1500|98.9087|2712|8
|#735|purasfrutas|30344|41|1498|98.8033|3010|6
|#736|cranioalado|34924|25|1497|98.2568|2692|9
|#737|Fastz|68072|131|1496|98.2668|2567|364
|#738|cupcakemayhem15|59832|7|1492|97.9419|2236|6
|#739|[ renyan ]|28516|138|1491|99.3312|3589|23
|#740|Dih1|16464|8|1491|98.5866|1130|0
|#741|ToshTado|28601|39|1491|98.4956|2353|41
|#742|rth|41735|22|1490|99.2736|1703|1
|#743|jghhh|59113|3|1487|96.6648|1194|4
|#744|Wauw_OwO|33473|32|1486|98.7305|2350|8
|#745|NicS|75741|19|1485|98.9443|1844|8
|#746|Lieafzera|58607|12|1482|98.1379|3667|7
|#747|Luucs|34889|21|1482|98.432|1704|15
|#748|Rocket Sheep|28051|66|1480|97.9321|2882|26
|#749|LioHeraclesun|65694|34|1480|99.1419|2971|10
|#750|LightAkihiko|31528|69|1478|98.2041|1231|2
|#751|theonix|65166|14|1476|98.0902|2345|1
|#752|momoyo-san|100107|25|1476|98.9431|3475|189
|#753|Lesh|68346|53|1476|98.9038|5187|5
|#754|thauas|47019|7|1475|97.3384|2237|7
|#755|jamesmacdoel|26590|22|1474|98.8177|1667|3
|#756|supercazi|43860|24|1474|98.2019|2353|0
|#757|Yuutinha|53927|36|1474|98.4183|2020|21
|#758|Seikosei|123640|127|1473|98.9973|4067|156
|#759|Spiffsp|49260|27|1472|98.8106|1982|77
|#760|Bruno|49521|16|1472|98.7006|1912|3
|#761|luscajooj|36217|26|1471|98.7469|2391|8
|#762|GabeD|25858|29|1468|98.7788|1590|5
|#763|NinjaX1|55992|52|1466|98.4944|1947|256
|#764|P-pudim|54326|100|1465|99.071|1899|77
|#765|Skydazi|39101|13|1465|97.724|3686|4
|#766|catos_|57681|39|1465|99.073|2573|26
|#767|Yoyomancer|16926|94|1465|97.9416|1674|8
|#768|[-GanX-]|22782|22|1464|97.9941|1278|8
|#769|LeeoS|54846|108|1464|99.4579|3206|23
|#770|BexPvP|84492|57|1463|98.2841|1771|75
|#771|sxe Lost|58917|157|1463|99.2605|4172|1709
|#772|- Sasori|50046|48|1462|97.6894|1580|11
|#773|Enki|73527|8|1462|96.4128|4067|25
|#774|yEnderCraft|36570|48|1460|98.2667|2448|24
|#775|DedeH|60695|60|1460|98.3184|4068|18
|#776|Det|46472|126|1458|98.5343|3939|172
|#777|G31Z1|20774|45|1458|97.3327|2134|2
|#778|choco milk|20675|104|1456|99.0166|2350|18
|#779|_l4k|25928|17|1455|98.9415|3470|5
|#780|headphone|77668|29|1454|98.2476|2358|13
|#781|Blintank|89906|17|1452|96.565|2110|4
|#782|Twowuw|35548|53|1449|98.0298|1812|11
|#783|TigaJun|32502|37|1448|97.9197|2166|11
|#784|Vvdc|76005|43|1448|97.672|3589|164
|#785|iuriwerk|34801|36|1445|97.9303|1435|1
|#786|detestavel|28190|11|1445|96.7695|1739|4
|#787|MalandroDoOSU|53587|86|1445|99.0941|2195|5
|#788|Neymarcus|56106|29|1445|98.8465|3334|31
|#789|Misayuz|45431|10|1444|98.433|1747|0
|#790|Simuzax|51938|67|1444|98.8428|2434|135
|#791|HenriqueTheGod|53481|81|1442|98.8132|3345|168
|#792|Issundeiole|65926|8|1442|97.4166|2858|44
|#793|JollfZinho123|37076|262|1442|98.6988|2012|51
|#794|-Caio-|45063|28|1441|97.7475|1701|6
|#795|AavontS|86630|78|1441|99.2619|2543|70
|#796|Mea-|30429|117|1439|98.9485|2209|23
|#797|BrunoxD_1|75206|24|1438|98.9659|6006|4
|#798|mere|40258|32|1437|98.3764|3169|7
|#799|D0PE|57583|21|1437|98.8232|2588|10
|#800|Foerster|62424|14|1437|98.739|2582|70
|#801|Hijindoteki|105080|46|1436|98.5325|6804|19
|#802|nagalupus|39425|49|1436|98.8184|3079|40
|#803|N1colasfps|48917|26|1436|96.5411|2354|3
|#804|Tore|63304|20|1434|98.5313|2353|1
|#805|Miyukioo|51302|96|1434|99.1516|2589|996
|#806|gFR|123387|19|1432|97.3807|1927|52
|#807|Sordruther|47810|91|1431|99.244|4084|16
|#808|lelera20|31879|17|1428|97.4022|1707|1
|#809|Riloiro|29611|131|1428|99.2947|3045|35
|#810|WrathRed|61279|88|1428|98.7756|1923|44
|#811|Hinoy|61389|21|1426|99.0578|2086|20
|#812|Snoo0w|116016|25|1424|96.5136|2286|45
|#813|jmarcos02|57269|22|1424|98.0275|2649|4
|#814|- CatJAM -|47735|119|1420|98.5489|2629|71
|#815|im moow|55601|11|1416|97.7061|1605|11
|#816|IsPudding|23657|47|1415|98.8424|1950|0
|#817|LuccksMC|49064|13|1414|99.0613|2016|4
|#818|fabioeidi|17995|105|1411|99.0362|3924|9
|#819|Mogamiz|30886|12|1406|98.7811|2557|3
|#820|ldhan_br|45329|25|1406|96.9891|2295|4
|#821|ultrasa|78758|54|1405|98.6605|3570|18
|#822|Aurora Kyo|26584|54|1405|98.696|2482|3
|#823|RafaelTomb|45829|17|1405|98.9608|2436|42
|#824|kasikawa|39018|26|1404|99.0649|3317|6
|#825|SaiderrrHD|42733|28|1404|98.5275|2522|3
|#826|SAPIN_|134931|67|1403|98.8072|6703|422
|#827|Velusk|61724|114|1402|99.2443|3100|157
|#828|iYutta|19510|40|1402|98.4941|1931|3
|#829|Skylone|87975|34|1400|97.2334|3195|46
|#830|nyctalopia|58502|129|1398|97.2578|1385|8
|#831|jaodeda|85837|328|1396|99.364|3527|73
|#832|MyAngelYuuzinho|185305|58|1394|99.3534|1808|65
|#833|_MasterTSP|27079|89|1394|98.7663|3204|26
|#834|SeniorGamma|22102|34|1393|98.7036|2385|1
|#835|JustTaka|52462|61|1390|98.4899|2875|7
|#836|yuriramires07|45085|58|1388|98.2022|3194|19
|#837|Aulow|63149|13|1388|97.96|3187|7
|#838|IAsura|24116|5|1388|99.1689|2667|1
|#839|tributino|60762|18|1387|99.2739|1579|1
|#840|Soltei Ue|43228|13|1387|98.4304|2591|61
|#841|MaNameJeff|22608|16|1385|98.6965|2673|0
|#842|Cammiet|14728|59|1385|98.8388|3144|0
|#843|taodead|88613|57|1384|99.2422|3589|4
|#844|-Angra Mainyu-|74710|23|1384|97.6414|3532|80
|#845|Skycries|134647|561|1383|99.1543|3254|29325
|#846|VeyHaru|30672|37|1382|99.0119|1527|0
|#847|Stamadu|68064|187|1380|99.0558|2256|39
|#848|Askaik|71748|17|1380|97.4514|1718|20
|#849|Moonly|49318|46|1378|98.7541|1804|12
|#850|zuczkinns|78224|15|1378|98.5969|1638|0
|#851|ToyBreak|128374|40|1377|97.7531|4080|142
|#852|tutolag|70672|153|1376|98.6762|3373|18
|#853|Romalex|47645|34|1375|98.687|4175|10
|#854|deidarasz|59117|33|1372|98.8977|3003|48
|#855|JuGu|20650|86|1371|99.3812|1950|115
|#856|sludgek9unit|18314|36|1371|98.5383|1511|1
|#857|zby|23943|36|1369|98.6547|2148|3
|#858|Cartmanzin|46027|28|1368|98.7314|3033|27
|#859|ILoveYooU s2|61960|5|1368|98.8077|3195|7
|#860|vyynnyy12|56772|33|1366|96.7174|4083|30
|#861|Machros|26874|23|1365|98.6654|1496|4
|#862|davidasilva123|92167|17|1365|98.9157|2310|9
|#863|kakemac1111|51474|217|1364|98.3351|2339|14
|#864|Kaiden Mikami|28913|50|1362|97.9834|2428|14
|#865|ShuNosh|89167|29|1362|98.3436|2955|2
|#866|Katrion|51648|22|1360|97.8594|4133|51
|#867|Dylaann23|38283|13|1360|97.9465|1483|9
|#868|Kanexy|58103|52|1360|98.9718|3587|66
|#869|_Xanie|70613|91|1359|99.4142|4884|12
|#870|Miichii|32042|80|1357|98.1807|1539|15
|#871|AryDalien|67247|56|1356|97.1061|2155|3
|#872|BRGThiago|48705|122|1355|99.5331|4593|49
|#873|Mr_isoppor|34037|95|1353|98.2551|2072|2
|#874|N00bBrazilian|41822|6|1351|96.9785|1984|17
|#875|RvKn|33685|40|1348|98.3256|3920|26
|#876|Omersivi|68684|129|1347|98.796|2351|33
|#877|lorenzo101122|63807|38|1346|97.57|2826|122
|#878|akayamura|25655|57|1345|96.9884|2235|11
|#879|henrique2412|47401|53|1344|98.8219|4310|343
|#880|Mishinho|20686|4|1344|97.8115|2380|0
|#881|athoni|38384|12|1343|98.0752|3589|5
|#882|JP-Show|32290|19|1343|98.6212|3151|14
|#883|Vicstor|46521|8|1342|95.2754|1110|0
|#884|thacer|20322|112|1342|99.3606|8902|25570
|#885|Zerinh0w0|93661|20|1341|98.3868|2087|15
|#886|Randoninho|20486|87|1341|98.1442|1675|5
|#887|-gigi|57325|32|1341|99.2307|2352|38
|#888|Suuyo|42635|9|1341|95.4529|1737|0
|#889|Chamyt0h|32273|48|1338|98.3355|3151|31
|#890|Fokake|18707|77|1338|97.5094|2983|5
|#891|Inphynithus|38992|53|1337|98.4617|1896|17
|#892|despairy|89195|39|1335|98.648|3288|949
|#893|Ruukasuu|40450|35|1334|98.1255|2620|5
|#894|[Nino]|54923|13|1332|98.6519|1526|0
|#895|[Kingu]|59152|37|1332|98.6341|2071|3
|#896|DouGGlas|67215|44|1332|98.4782|1760|3
|#897|xdani|28431|35|1331|98.6727|3017|8
|#898|xMelonpantsu|27239|16|1329|96.8395|3193|9
|#899|FURRY THE GOD|29141|9|1329|98.7883|1239|1
|#900|pedrojacks02|44491|21|1329|98.6324|2406|13
|#901|Enerugi|19003|34|1329|98.813|1631|22
|#902|WesKeR-R4|66694|137|1328|99.3808|2524|69
|#903|Minettii|17622|42|1328|98.8065|2083|0
|#904|_anon|55488|19|1326|99.1269|2560|6
|#905|iceezin|23177|35|1324|98.7602|1646|12
|#906|vitorhelleet|80009|74|1324|98.1288|3266|33
|#907|rooodi|84970|38|1323|99.0247|3225|92
|#908|kerex123|65236|79|1321|97.6435|6639|268
|#909|Antarcticite|66609|41|1318|97.74|1999|5
|#910|marquinhos210|32302|23|1317|98.5252|1654|0
|#911|GodFaker|33536|20|1316|98.4156|1823|0
|#912|Illusion|29338|18|1316|97.9462|1799|2
|#913|Laffinha|27326|36|1315|96.4828|1839|2
|#914|KnijuY|61644|27|1315|98.8798|1985|0
|#915|metrio|27245|4|1313|98.5944|2033|2
|#916|Kamui-|70789|17|1313|97.1151|4312|9
|#917|kopimopi|13010|21|1313|98.5427|1382|1
|#918|Brenner|56517|88|1312|98.7738|2468|13
|#919|Veader|33815|12|1311|98.2392|1929|2
|#920|Vjkh|38846|31|1309|98.9542|1671|2
|#921|gui0809|25939|11|1309|98.6646|1523|0
|#922|ryumn|54340|4|1306|98.7146|2038|2
|#923|eduardo22056|29521|37|1305|98.3807|1702|14
|#924|joaoqcouto|42276|38|1305|98.5995|3768|42
|#925|O p p a i s|46500|6|1305|98.5874|2502|0
|#926|Edu zatekenm|93269|54|1305|99.2767|6216|6
|#927|gustavoghh|96830|48|1305|96.0575|3587|130
|#928|yLuukzG0D|35571|56|1304|99.0505|4156|46
|#929|Kirishima-|58099|8|1303|97.5675|2556|11
|#930|Carolleticia|17863|15|1302|98.3648|1700|2
|#931|Duel|39513|30|1302|98.9752|2472|5
|#932|Joaomoore|34787|29|1302|98.8002|2652|3
|#933|MrLucas|55513|13|1301|98.3356|5377|23
|#934|Domiuau|52226|26|1299|98.1158|2053|15
|#935|Toni336|53912|105|1295|97.5381|3589|7
|#936|Checkmatte3000|46484|7|1294|97.8437|2107|0
|#937|apolin1Juro|63792|9|1294|98.7363|1588|2
|#938|Lendaaario|42607|58|1293|98.0353|2833|22
|#939|xxxneverstop|52344|28|1293|98.4786|3057|12
|#940|RevereNeo|27937|36|1291|97.0046|3164|1
|#941|Eterno|35831|30|1291|98.5985|2823|3
|#942|LookPvP|70917|31|1290|96.7945|3137|142
|#943|loxdwm|23078|4|1288|97.201|1583|0
|#944|sabamiso on osu|42319|31|1288|99.0625|2235|9
|#945|Kleemann|39260|41|1287|97.7212|2175|3
|#946|Revz|57617|58|1285|98.9448|2068|16
|#947|toodyprocafe|47060|15|1285|98.5614|2148|7
|#948|BernardoK01|42215|18|1284|98.797|2113|15
|#949|Chey|43705|113|1284|98.644|3143|33
|#950|Snoumen|31155|14|1283|98.7934|3219|11
|#951|NeeeL|114018|14|1278|98.2401|1884|16
|#952|Necroluttah|61856|60|1278|98.5819|2779|203
|#953|Piratex|60058|37|1277|98.7565|3267|209
|#954|- M i r a i -|58508|30|1276|99.0651|4658|8
|#955|SrTigerWhite|22379|202|1276|98.4059|1768|16
|#956|Dragon Origen|68220|72|1276|98.9833|1933|3
|#957|Minami|24413|104|1275|98.3268|4068|1
|#958|YumeZ|35912|13|1274|98.7571|2354|6
|#959|cdvtsb|36769|6|1274|97.7454|1669|0
|#960|Pryw_x|22131|31|1271|98.7828|2379|3
|#961|jadyscreydson|83901|173|1271|98.6641|2497|89
|#962|JxEhlo|50957|39|1271|98.1561|2542|4
|#963|Lhamai|31606|68|1270|98.7982|2427|10
|#964|DinhooS|75709|30|1267|99.062|2664|54
|#965|pedrohenrisl47|25800|40|1267|98.3509|2064|4
|#966|Nase Izumi|43568|25|1266|98.594|2175|5
|#967|Guruem|36865|11|1265|98.4343|2375|27
|#968|ImThiiago|24499|18|1264|98.7359|1701|88
|#969|godemade|37502|5|1263|97.732|1556|1
|#970|izayaa|23911|18|1262|98.8255|1598|1
|#971|Lokjiiu|58035|42|1261|98.1914|1652|10
|#972|deltaowo|109359|91|1261|98.0089|2577|54
|#973|Lolith|56455|66|1258|99.1492|2059|75
|#974|Masakiezi|43590|8|1258|97.9491|2378|85
|#975|-TM|54655|31|1258|98.6933|2771|46
|#976|Firinael|44351|17|1257|98.5621|3511|13
|#977|kireinasora-kun|71992|16|1257|98.8324|2976|2
|#978|Shinamarro|58119|26|1256|98.099|2121|102
|#979|ValdirLiquigas|30734|6|1255|98.4667|1653|8
|#980|Toninhosu|54783|84|1254|99.1469|4186|73
|#981|555Vitor|26790|15|1253|98.2755|4429|4
|#982|Naxtu|70019|30|1253|98.5685|2350|3
|#983|Lion1536|60559|88|1249|99.2499|2522|10
|#984|Kf1ne|26934|9|1248|97.6318|1512|0
|#985|Lhudo|74572|101|1247|98.5513|2828|9
|#986|Julvins|65994|108|1247|99.0584|4595|26
|#987|elemento45|55771|80|1247|99.3247|2131|27
|#988|Lufu|43014|43|1245|98.6477|2354|77
|#989|Redraax|20385|19|1245|97.6057|3344|22
|#990|Kuon|51708|2|1245|97.4206|2013|137
|#991|KurayamiShiro|56704|89|1245|98.8604|3143|17
|#992|dresch2|72640|20|1244|98.5302|1847|12
|#993|Gabrilel|71336|33|1244|97.6513|2456|15
|#994|RasyF|26358|73|1244|97.7578|1229|0
|#995|drezinho_dry|42505|25|1241|99.006|2155|0
|#996|-Ureshii|34439|21|1240|98.5288|2208|12
|#997|xtheluk4s|58733|57|1239|98.0965|1417|1
|#998|Cray Chan|23817|20|1238|98.4816|1703|0
|#999|AlosOnDanse|50056|53|1238|99.0714|2211|1
|#1000|PicaPau2|31479|21|1237|97.1827|3587|3
|#1001|felipon2233|39711|66|1236|99.0316|2381|20
|#1002|Kaijinshift|27020|75|1235|97.9788|4051|37
|#1003|MatizorGamer|33926|65|1233|99.3723|3231|5
|#1004|senanz|56835|32|1233|99.3099|1551|1
|#1005|iSweetHero|62931|22|1232|98.3676|2401|2
|#1006|_Gui|46537|40|1231|98.6238|2487|5
|#1007|UltimateHeadPat|42873|45|1231|98.3465|1970|1
|#1008|Sorata|32586|45|1230|96.1667|1488|8
|#1009|FLawal|82769|101|1228|98.5962|1924|46
|#1010|xTj|38793|64|1228|98.6966|2738|11
|#1011|Benky|49032|56|1228|99.1309|1925|1
|#1012|RenatoSAM|43246|4|1227|98.8032|1308|0
|#1013|Mirantes_|52258|25|1225|98.4002|1375|1
|#1014|MinusZ|28969|33|1225|98.9496|2343|39
|#1015|nowon|25479|72|1225|97.9227|1939|0
|#1016|Banecat|16505|86|1223|98.761|1554|17
|#1017|macjack|88727|26|1222|98.8004|1347|14
|#1018|Cannabinologo|20286|42|1222|98.9468|1964|1
|#1019|Italoo|33138|41|1220|99.156|2270|4
|#1020|Blooo_03|40881|30|1219|97.9167|2083|79
|#1021|picel|34102|65|1218|99.0118|1459|23
|#1022|Deentrox|26649|20|1218|98.6071|2851|2
|#1023|zGaspatio|48957|26|1217|96.8847|1642|3
|#1024|PabloDS|41990|165|1217|99.2439|2351|17
|#1025|apolosenpai|42088|52|1216|99.3435|2500|24
|#1026|Deffi|65137|39|1216|99.0511|4168|7
|#1027|TeteuViber|61534|48|1216|97.8611|2135|2
|#1028|YuutaSakurai|45873|51|1216|98.647|2030|0
|#1029|vinihenrik18|61329|38|1215|98.0687|1226|1
|#1030|Mikky|43760|40|1215|97.7498|2721|10
|#1031|Keer0|28817|95|1214|97.7039|2010|36
|#1032|Arthur001|36699|17|1214|97.8352|2644|29
|#1033|XGamerFeX|57559|26|1213|98.7154|3219|9
|#1034|TwlLight|48515|70|1213|98.7665|1635|12
|#1035|Sora-|69325|97|1213|98.6603|2222|9
|#1036|tabua|61537|24|1212|98.7765|2538|7
|#1037|- Catarina -|30744|17|1211|98.2831|2311|9
|#1038|xxtatsuxx47|58044|164|1211|99.1428|3103|13
|#1039|pokoyoh|24620|36|1210|98.7337|1625|0
|#1040|DevilinG|15238|9|1209|97.7714|2575|0
|#1041|OnealGamer|54819|65|1208|99.0924|2345|342
|#1042|NoobAim|47269|185|1207|99.1528|3195|103
|#1043|locolu|51068|33|1206|99.1475|2217|7
|#1044|Regou Fanboy|54480|20|1206|97.6151|2490|19
|#1045|bobgordooo|16451|48|1204|98.663|2081|20
|#1046|Toofu|72804|63|1204|98.7205|2151|49
|#1047|[- Apollo -]|38105|72|1203|98.3382|2061|19
|#1048|GhostGNBR|28433|0|1203|98.1964|1595|0
|#1049|DearRemilia|65654|21|1203|95.8235|2061|8
|#1050|MarcaoORei|53611|56|1202|97.8704|2762|18
|#1051|Ylarious|37774|36|1201|99.4146|2050|4
|#1052|Garbiieu|54119|86|1200|99.1501|2277|46
|#1053|ot4ku-sama|39157|39|1199|97.9127|1297|2
|#1054|vimy17|36415|51|1199|98.5036|4295|8
|#1055|Redeat|18957|140|1199|98.5831|3587|2
|#1056|lucasdessy|49936|25|1198|97.8955|1680|8
|#1057|Marximelo|60020|11|1198|98.2804|4664|9
|#1058|Shouta|26307|60|1197|98.8305|2236|33
|#1059|Alliz|32641|27|1197|97.0495|1635|19
|#1060|Bondrewd223|60100|20|1196|95.4897|1451|5
|#1061|ChrisLemos|67943|12|1195|98.4851|2049|11
|#1062|Harklight|21321|50|1194|98.9777|3587|3
|#1063|bunnynomed|26123|30|1194|97.5082|1546|1
|#1064|jujudima|39334|33|1193|97.8013|2029|8
|#1065|Aineder|110699|24|1191|96.5253|3512|8
|#1066|Hugobatistag|38000|40|1190|99.0243|1875|8
|#1067|AtomicPlayer|28422|27|1189|98.1851|2428|2
|#1068|Yusukke|33359|60|1188|98.8802|2426|17
|#1069|EdgyKing|94515|16|1188|98.8816|3123|5
|#1070|PlayDarkz|79385|29|1188|98.8238|2203|25
|#1071|Xhomp|75817|29|1187|98.3717|3281|2
|#1072|FooXy|53533|31|1187|99.0349|3587|9
|#1073|_Huon_|51391|39|1185|99.294|2141|12
|#1074|WiseForth|30076|17|1180|96.2108|2401|10
|#1075|k3NNN|60716|30|1180|98.6921|1498|3
|#1076|OcraM8|52318|29|1180|98.509|3311|57
|#1077|salsicha|87008|16|1179|98.0459|3218|21
|#1078|-Clown-|35518|17|1178|98.3748|2204|23
|#1079|Lirumin|45648|58|1178|97.7728|4294|13
|#1080|Kurumiw|105155|18|1177|97.8479|4027|7123
|#1081|HugOCes4r|29606|47|1176|98.7239|2231|12
|#1082|Fmurata|62065|23|1176|98.9827|3218|3
|#1083|ErickXDO|24585|14|1176|98.8282|2235|2
|#1084|Sire saol|139607|59|1176|98.8456|1871|14
|#1085|necrotrash|27512|36|1173|97.9452|2353|47
|#1086|J K N|47211|109|1172|99.2647|2177|11
|#1087|necromancer|63616|22|1171|98.3889|1745|3
|#1088|Azumi|68974|94|1171|98.5692|6592|34
|#1089|Yone No Yuno|48239|37|1170|98.0675|2081|23
|#1090|c h o u m e i|8516|25|1170|99.0812|2512|2
|#1091|gowon|27905|41|1169|99.242|4044|5
|#1092|YadomiYuu|31630|54|1169|98.304|2809|55
|#1093|TheChugo|50655|60|1168|98.0223|1928|4
|#1094|Valacauss|38892|46|1168|98.1701|3365|2
|#1095|Vendrame|25831|36|1168|98.9579|1700|2
|#1096|_Flea|53522|26|1167|97.7574|2341|3
|#1097|Iona|37244|105|1167|98.4297|2217|10
|#1098|[ Max ]|149639|52|1166|98.8454|2396|318
|#1099|darkeae|51505|23|1164|97.7865|4287|48
|#1100|Chuva|64754|13|1163|98.2649|3091|21
|#1101|icone do urf|46533|22|1162|98.3186|2217|7
|#1102|Nomo|16259|8|1161|98.0851|1532|9
|#1103|Ariahod|77723|64|1161|99.214|2085|46
|#1104|stold|57026|22|1161|98.7594|2582|2
|#1105|Catatau Apenas|21823|16|1159|96.6578|1283|1
|#1106|ManoCris|40673|43|1159|95.9946|1261|44
|#1107|Buduga1|25237|41|1158|99.0032|2067|2
|#1108|Cheeerio|8880|14|1158|98.8552|1800|0
|#1109|-Tavares-|40353|11|1156|98.1802|2827|4
|#1110|airn|17786|76|1156|98.8751|2350|0
|#1111|yscanner|39971|26|1156|99.2674|2348|0
|#1112|speed|120685|30|1155|98.1286|5042|39
|#1113|Proteu|27797|17|1155|98.725|3809|255
|#1114|Kento|61267|52|1155|98.8859|2614|49
|#1115|Kusky|38397|19|1155|98.3089|1380|3
|#1116|ooisasc|41721|14|1154|98.3368|1616|3
|#1117|Dear god|16667|52|1153|99.1438|2351|2
|#1118|Batatonese|41571|51|1153|98.8166|1536|3
|#1119|amo gordas|29905|110|1152|99.1463|2362|5
|#1120|Athelle|43327|12|1151|98.7202|1414|6
|#1121|--Luke|14654|30|1151|98.8532|1517|30
|#1122|Pratasz|48044|62|1150|99.2164|1922|3
|#1123|Kazelism|39447|1|1149|98.0853|1410|0
|#1124|Gmoffas|31168|15|1149|98.9476|1906|0
|#1125|Akzews|84739|68|1149|99.4184|2360|151
|#1126|xFamousKill|25470|42|1148|98.4261|1738|2
|#1127|Cayne|97426|34|1147|97.6115|2002|22
|#1128|DavzN|20775|43|1147|97.8444|1584|22
|#1129|NiiJoey|39175|7|1146|98.5371|2310|1
|#1130|Otaru MeeM|24872|7|1146|98.8198|2531|14
|#1131|MangaComLeite|44430|259|1145|94.7248|1890|0
|#1132|McFav3laa|9799|53|1143|97.8605|1598|0
|#1133|umanii|50073|16|1142|98.9706|1551|9
|#1134|Ghossert|60633|17|1142|99.3707|4295|531
|#1135|negobola|65179|26|1139|98.7358|2070|32
|#1136|No Clicker|24588|45|1139|97.0367|1330|6
|#1137|-Shirotora|51162|14|1138|98.1337|1675|9
|#1138|Daahraah|62162|77|1137|98.2318|2350|18
|#1139|vls1337|75290|25|1136|98.0021|2485|65
|#1140|- Sukii -|56429|53|1135|98.8175|2406|20
|#1141|Kisuni|41074|23|1133|98.464|2009|4
|#1142|QueijoW|16980|40|1133|98.3697|2441|0
|#1143|Evildestroyer|53232|23|1131|98.4957|2699|20
|#1144|yTeles|22072|17|1130|97.5938|1414|1
|#1145|_Flakes_|38763|13|1130|99.0571|2235|1
|#1146|heapade|26532|38|1130|98.196|1770|0
|#1147|GaRuBR|35757|38|1128|98.5219|2383|6
|#1148|s0nolento|113871|50|1128|99.2223|2175|364
|#1149|Heizen|26497|53|1128|98.0041|3679|26
|#1150|Kiritosv|23935|1|1127|98.2008|2053|1
|#1151|Hctbi|51697|20|1126|98.0695|4965|11
|#1152|SilasF4xy|22846|112|1126|99.3765|2035|9
|#1153|OtakinhoDJ|58555|31|1126|99.0221|2568|5
|#1154|xPlayerrrr|47042|109|1125|99.0522|2347|98
|#1155|z o n k|28136|44|1125|98.6008|1927|10
|#1156|Huguera|35933|44|1124|95.3808|2035|10
|#1157|insyde|21316|23|1124|98.5525|1972|3
|#1158|[ Hope ]|31017|26|1123|99.2867|2428|11
|#1159|Ren-chon|87844|27|1121|98.9583|2143|37
|#1160|TheBigWhite|36635|30|1121|98.9719|3102|56
|#1161|Kobek|54560|20|1121|99.2046|2354|17
|#1162|- Niroyuki|35643|1|1120|98.4468|1612|0
|#1163|Megadestr|42500|45|1119|98.3129|1360|20
|#1164|agito namigaki|43132|21|1119|96.4566|1655|9
|#1165|Porbinhos|74502|19|1118|97.997|4177|134
|#1166|F4H|34923|7|1115|98.3964|3218|9
|#1167|GANGMEMBERFOOX|24241|33|1114|98.0238|1634|4
|#1168|iFaasting|39850|57|1113|98.9346|2758|36
|#1169|ChefSkull|31922|21|1111|97.9671|1857|13
|#1170|opit|43443|47|1111|97.1909|2767|1
|#1171|Sailent|25252|8|1111|98.9894|2380|24
|#1172|Soyokaze|65361|24|1110|98.7393|3349|3
|#1173|AfterLine|44237|92|1107|98.8897|1924|33
|#1174|Pones2|53536|41|1106|96.4866|2763|2
|#1175|Leklekab|43219|34|1105|98.5236|2320|51
|#1176|NaisuGuy|49784|7|1105|97.2714|1432|4
|#1177|Halkem|37469|44|1105|98.1609|2097|14
|#1178|MelqueSTG|26121|32|1104|98.6794|1764|6
|#1179|GuiZovsK|35132|3|1102|98.4348|2353|5
|#1180|Pandamito|83146|20|1100|96.9951|1238|10
|#1181|aasdf|63607|30|1099|97.7284|2222|84
|#1182|Otsuga|59521|24|1098|97.3852|1586|40
|#1183|[Norokai]|54370|31|1097|98.1242|1252|131
|#1184|- hiro -|76224|65|1097|97.6849|2830|43
|#1185|-Miiro-|88525|54|1096|98.6505|2059|39
|#1186|Haarrd|36155|13|1096|98.6887|1720|9
|#1187|Leobola|17960|51|1095|98.8273|2071|2
|#1188|Hitori Bocchi|39798|23|1094|98.1305|2309|1
|#1189|wobblu|38362|42|1094|99.236|2429|36
|#1190|LukasBobeax|79804|237|1093|99.7727|1435|15867
|#1191|-Edd-|32213|108|1092|96.428|1680|0
|#1192|Mitizuky|18611|15|1092|96.8738|1463|5
|#1193|S M I T H|52024|8|1091|98.8637|3459|16
|#1194|xenolism|54856|9|1090|98.0297|1699|10
|#1195|harothiago|61679|35|1089|99.1079|3177|1
|#1196|reekted|36140|14|1087|98.4899|3568|4
|#1197|Angelindo|35023|51|1087|98.3876|1501|5
|#1198|Sevilhe|78302|20|1086|99.1441|2270|9
|#1199|Himeno_-|34785|59|1085|98.6644|2638|39
|#1200|Ghost_Potato|40385|22|1085|98.8346|1704|1
|#1201|victorpenha|59225|16|1084|99.1624|1758|0
|#1202|Floresbirdman|46952|60|1083|98.6744|1976|4
|#1203|francorno|51660|19|1083|98.2477|2640|6
|#1204|xMarinaxD1|10748|43|1082|98.5874|3674|2
|#1205|Eiichi|23824|17|1082|98.3643|1458|1
|#1206|HanekawaDelicia|44106|3|1081|98.0543|2730|0
|#1207|PlayMouse|55128|13|1080|99.1782|2029|0
|#1208|m0onlight|41192|16|1079|98.6015|2006|16
|#1209|Arkhadeon|28218|3|1077|98.053|2708|15
|#1210|Dokhan|71699|27|1077|98.6886|3209|96
|#1211|gbzinhoo|35702|17|1077|98.423|2689|8
|#1212|MiinnuHD|73453|35|1076|98.751|2803|13
|#1213|Tales78945|55925|127|1076|99.1983|1133|20
|#1214|Joulex|33643|64|1075|96.7704|2031|21
|#1215|Last Light|49044|33|1074|98.2894|2238|9
|#1216|FAASTRL|32873|38|1072|98.4363|3196|2
|#1217|MINHOCA LOKA|108964|17|1072|97.8669|4135|852
|#1218|NaionPlays|77644|20|1071|98.5392|2796|1
|#1219|GabrielSenpai|33707|8|1071|97.8332|2306|2
|#1220|Medzy|44814|9|1070|97.9217|1598|0
|#1221|BatataeArroz|56051|16|1070|97.0938|1748|6
|#1222|Lofisters|47900|4|1070|98.6846|1981|0
|#1223|Forkezi|26286|6|1067|98.8205|1869|1
|#1224|Kiinaz|51918|19|1067|98.9184|2234|9
|#1225|EnricoMilos|12166|16|1067|97.9556|1382|0
|#1226|Fusyon|77341|14|1066|98.6557|2037|20
|#1227|zSaiph|64832|53|1066|98.3242|1709|12
|#1228|Kyulke|38724|33|1066|98.6137|3161|6
|#1229|LonixOSU|63026|35|1065|98.9513|2126|6
|#1230|ItzWolfyTom|24583|22|1065|97.5657|1410|1
|#1231|helnot|51409|8|1065|98.5225|1839|0
|#1232|Mr Nemesys|23802|16|1064|98.3993|1495|0
|#1233|Nicki-San|52110|10|1061|98.2572|1931|7
|#1234|Gabriven|76882|25|1061|97.9581|2505|24
|#1235|Rayleigh-NTC|27969|14|1060|97.8421|1791|0
|#1236|HUTZ49|33332|43|1059|98.8413|3195|18
|#1237|Dennis Easy|41361|6|1057|97.7648|4354|4
|#1238|zotoxeter|28877|16|1056|98.447|1682|5
|#1239|Mupplless|34891|14|1055|98.3947|1231|0
|#1240|ikinhi|60273|10|1054|98.4802|2006|2
|#1241|LeyDrenu|70728|17|1054|98.9253|2785|8
|#1242|RafaExtreme|33457|19|1054|97.5266|1645|8
|#1243|- Asta -|28331|10|1053|99.0918|2251|1
|#1244|N u e|57778|21|1053|97.3027|1555|8
|#1245|- Dipper|35201|3|1052|97.793|2143|2
|#1246|vulpes owo|55753|37|1052|97.6962|4996|8
|#1247|cadR|29118|55|1051|99.3402|2502|5
|#1248|xChaseKx|81979|63|1051|98.5659|2557|10
|#1249|Kafumii|80673|16|1050|98.8732|2668|1466
|#1250|iYukki|60309|31|1050|99.009|1501|11
|#1251|Bragaxtv|32045|41|1049|99.0421|1656|5
|#1252|Roseeeh|67658|61|1049|98.6659|2312|11
|#1253|daviborges15|55284|38|1049|99.048|2932|21
|#1254|Dfort3|74185|26|1048|95.7314|1630|28
|#1255|srmdeus|36785|14|1047|97.9971|3588|7
|#1256|[ Naks ]|38454|11|1047|96.2296|1527|5
|#1257|Kingri|63749|35|1047|99.1528|1826|0
|#1258|LucarBonnie|64732|44|1047|98.2502|4162|34
|#1259|XxmitozixX|33605|11|1046|97.0583|2469|16
|#1260|Kannes|50266|30|1046|98.3546|2223|6
|#1261|Lovvey|47304|4|1045|98.5009|2714|13
|#1262|RelliK|43589|24|1045|98.8568|1944|6
|#1263|ImaniTy|31450|3|1042|98.2003|1394|2
|#1264|linsfernando53|13726|10|1042|98.1832|2064|4
|#1265|H3RMIT|60447|21|1042|98.4927|1246|2
|#1266|Yoschimidtsu|30951|73|1042|98.416|1525|9
|#1267|TheFireStormV|46277|43|1041|99.0823|2189|2
|#1268|Japa|22428|26|1041|97.8497|1610|4
|#1269|meno141|17186|15|1041|99.0583|1800|1
|#1270|Saiwachi|56196|41|1040|98.499|1663|2
|#1271|vinnitar|45250|30|1040|99.0176|2105|0
|#1272|Enriqzw|9624|42|1039|97.6729|1297|1
|#1273|faiiveee|48410|14|1039|98.7026|2143|3
|#1274|-sadsatan-|27054|104|1039|98.2315|1749|13
|#1275|wenO|96840|6|1038|97.0712|1702|5
|#1276|Notsuren|99574|50|1038|98.6765|4180|963
|#1277|GabrielOsu5|13681|8|1038|96.6901|2055|1
|#1278|lucasvalois|45367|36|1038|98.9427|3585|5
|#1279|Pedro12345600|54089|18|1038|96.9895|1478|3
|#1280|Gostosaum|27035|18|1036|95.7724|1461|5
|#1281|xXGordinNubinXx|36026|17|1036|98.5083|2900|0
|#1282|flr|31866|2|1035|95.9029|2135|1
|#1283|-Flashlight-|47494|156|1035|95.4956|5185|1700
|#1284|owned by walke|54738|43|1035|98.6277|3261|13
|#1285|einsiedel_|14986|15|1035|97.8496|2016|2
|#1286|Khora|65691|36|1035|98.7434|2522|46
|#1287|bieel|45154|14|1034|98.0571|2771|26
|#1288|Mut4nte|72862|22|1032|98.6485|3203|52
|#1289|ogusku|62174|13|1032|98.5785|2180|16
|#1290|esoragoto|131043|529|1031|99.6312|2097|246
|#1291|loisplay|45327|42|1030|95.9438|2054|5
|#1292|gabrielLF|17133|48|1030|98.5477|1568|0
|#1293|stablest|124596|14|1029|98.7107|2777|90
|#1294|MarcelBR|39247|8|1028|97.2121|1698|3
|#1295|alexgrist0|53175|108|1028|99.0653|2453|8
|#1296|juninhomack|42151|31|1026|99.2544|1557|9
|#1297|Sakinuto|46529|86|1026|94.3452|1121|7
|#1298|zKish|17178|86|1025|98.873|4254|161
|#1299|dogezin|35058|9|1025|98.4365|1183|0
|#1300|Iucany|33726|10|1024|98.7751|2353|8
|#1301|cariucho|35467|35|1023|99.1672|2046|22
|#1302|Its Kraken Here|61248|13|1023|96.8411|2071|10
|#1303|Leukocyte34|23519|3|1021|97.2034|1363|0
|#1304|baebbyz|36391|34|1020|97.8961|2091|4
|#1305|GaelKise|39522|18|1020|97.7566|1096|2
|#1306|VitorShibateiro|10692|20|1020|98.3362|1793|13
|#1307|na1zy09|22839|39|1019|96.6057|2347|12
|#1308|andreifurlan|49460|22|1019|99.0787|2126|8
|#1309|DeathEaterXXX|33201|9|1018|96.2635|942|0
|#1310|camp|49038|10|1017|97.4479|2333|18
|#1311|ArtDragon7|35751|17|1016|98.6524|1769|18
|#1312|Akamiku|22031|7|1015|97.5048|3213|3
|#1313|Zowlley|11649|4|1014|97.9805|1647|0
|#1314|itsaperfect|35382|6|1014|96.7039|2013|5
|#1315|KobbyTFG|75967|13|1013|98.6117|1668|0
|#1316|otavios|37475|27|1013|99.2966|1763|3
|#1317|Sairyu|23141|17|1012|99.1163|2113|13
|#1318|chuuzed|30890|25|1011|96.0713|1801|16
|#1319|Fernzz|78071|90|1011|99.3236|2353|46
|#1320|kenzuya|43370|25|1011|98.1311|2018|2
|#1321|MegaPack|31786|22|1010|98.37|2582|2
|#1322|GeckoLizard|46174|80|1010|99.2393|2756|2
|#1323|Suuk1n|52699|70|1010|98.787|2059|26
|#1324|black seal|61201|6|1009|98.3058|1640|8
|#1325|Anymore|45206|26|1007|98.1339|2332|88
|#1326|Eldony|24444|19|1007|97.5166|2756|4
|#1327|GustavoBiava|32191|177|1006|99.3625|2354|2
|#1328|Gerocapox5|20843|39|1005|98.7547|2374|8
|#1329|-WestZ|53126|24|1005|98.6128|1506|7
|#1330|Legraok walrion|46678|17|1005|98.2584|2610|5
|#1331|harunya|30371|70|1004|98.542|3589|1397
|#1332|-Puddin|33202|36|1004|97.7321|1328|9
|#1333|delrio69|42286|9|1003|98.6566|2334|4
|#1334|ImKilluaw|13421|23|1003|98.0131|1753|1
|#1335|MilkShakesonz|54912|22|1001|99.281|1697|5
|#1336|XxXpauloXxX|51297|24|1001|98.7529|2154|6
|#1337|DNAlonso|10714|12|1000|98.0837|1236|1
|#1338|Michiru05|33681|22|999|98.6226|1517|30
|#1339|GabrielNamco|20713|18|998|98.9319|1623|2
|#1340|Goon|49674|25|996|98.897|2246|22
|#1341|Topeira90|19790|13|996|98.2568|1249|1
|#1342|HikigayaHachima|20694|8|995|98.4879|3178|1
|#1343|ShonZinho|37797|23|995|99.0745|2030|0
|#1344|gao336|28399|39|995|98.0652|2314|5
|#1345|socket2810|17919|9|995|98.5676|1915|0
|#1346|guisoba|40581|29|994|96.766|1382|1
|#1347|pedr0x|85706|93|992|98.6281|1409|59
|#1348|Ksnone|44561|32|991|97.965|1605|3
|#1349|Davi Almeida|36821|20|991|97.7722|1916|2
|#1350|Farkas|57308|4|990|97.8672|1254|3
|#1351|Fakemimic|41183|36|989|98.1278|1364|4
|#1352|MatheuZiz|74417|40|988|99.1514|3217|92
|#1353|-Shiwari-|22363|19|987|97.4997|2130|3
|#1354|LightGamer8|124931|37|987|97.6682|1476|10
|#1355|jablau97|31996|38|986|98.131|1338|1
|#1356|[ Thomas ]|25787|32|985|98.7079|1927|8
|#1357|FluffYzin|42812|18|985|97.6902|2235|7
|#1358|Furyy06|58157|15|984|98.0272|6594|44
|#1359|KandSupon|75320|117|984|99.117|1948|3
|#1360|Clohd|67789|67|984|97.676|1306|0
|#1361|Daikinho|49790|19|983|99.0134|2238|0
|#1362|xtmo|48733|9|982|97.758|1449|2
|#1363|-Yuyuko|38048|36|981|97.4491|3208|26
|#1364|[ Flashoky ]|86610|55|980|98.0172|1504|10956
|#1365|IfusionD5|27481|17|979|98.4461|1446|0
|#1366|CHIPRAUSKI|24807|4|979|98.3089|1890|2
|#1367|LarLarLar|94394|10|978|97.5564|2218|1
|#1368|bina00|21506|15|977|98.2009|2271|0
|#1369|Sileighty|32679|10|977|98.7281|2353|5
|#1370|mISCAPS|10390|139|976|98.8814|1910|76
|#1371|KioPngh|24203|50|976|99.3641|2522|0
|#1372|Mugiiih|50793|4|976|98.9287|1547|2
|#1373|slatth|20568|25|975|98.5226|1736|4
|#1374|yRelight|53175|17|974|96.4814|2330|4
|#1375|AdryanDesu|68480|7|974|97.7691|2825|6
|#1376|Black Hill|52023|27|973|98.7314|2985|22
|#1377|Strxqqz|48607|40|973|98.5228|2352|8
|#1378|viviruru|63795|8|973|98.4098|2082|3
|#1379|Arestark|68283|19|972|98.4976|6452|95
|#1380|ThizuliScissors|47093|82|971|96.6512|3525|39
|#1381|RatoFacilJik|42683|43|971|98.1166|1742|14
|#1382|Micol|39408|23|970|98.1269|2435|3
|#1383|WakeXD|44785|18|970|98.0239|1496|2
|#1384|LTPHeky|26048|27|970|98.9334|2006|0
|#1385|Raininkyo|40425|10|970|97.9005|1783|2
|#1386|TCrazyMX|34351|3|969|97.5863|1292|2
|#1387|Korewaizu|32209|119|969|99.233|1918|2
|#1388|podence|33547|7|969|98.1653|4925|5
|#1389|Blacky075|45728|92|969|98.2126|1553|5
|#1390|- Goshe -|58844|17|968|97.7184|1744|2
|#1391|Trickzord|37177|38|967|98.2714|1551|3
|#1392|Skelle|14898|40|967|97.3306|2362|8
|#1393|merqx|42827|42|967|98.1749|2010|35
|#1394|nahallu|12266|18|967|97.7897|1481|0
|#1395|P1mBa|28911|14|967|98.5736|1452|9
|#1396|-Yukari|74931|21|966|98.974|2050|1
|#1397|alexdoong|102223|7|966|94.4294|4293|32
|#1398|TFTMN|26536|19|965|97.0004|1323|56
|#1399|Lil Strange|32820|14|964|98.8439|2271|73
|#1400|hacvaine123|14913|13|963|97.2894|3585|2
|#1401|KarmaRed|16922|5|963|97.7957|2049|6
|#1402|AntarticaH|24055|28|962|99.1187|1811|3
|#1403|lanpins|31145|10|961|96.741|1442|1
|#1404|bro_gamer84|62868|26|960|99.1496|4295|162
|#1405|PixelRafael|60737|29|959|99.1001|1736|47
|#1406|[ Roku ]|35320|34|958|99.1831|2428|151
|#1407|Astronogilco|34218|9|957|98.1498|1698|2
|#1408|satoroendo100|37141|21|956|98.9736|1604|0
|#1409|RafaaHS|71584|17|956|98.4147|1531|32
|#1410|Naktsu|67954|9|954|97.0116|1698|19
|#1411|palaomatematica|34126|20|954|98.4104|2057|1
|#1412|ekisu|66268|13|953|98.453|2151|3
|#1413|JapaneseGuy|69352|93|953|99.4267|2066|57
|#1414|Daaavi|21905|16|952|98.3538|2193|10
|#1415|Goout|27650|99|951|98.9242|2468|496
|#1416|- Tise -|14317|24|950|97.619|2681|1
|#1417|CaxorroSalsixa|25700|46|950|99.2637|1525|13
|#1418|Jhowker|23539|21|950|97.3402|1730|0
|#1419|geovanne|9878|5|950|98.3835|2155|0
|#1420|-Shake|54324|18|949|98.5051|2285|26
|#1421|Densetsu No|36848|16|948|98.9576|2012|4
|#1422|ajzanfa|25945|30|948|98.8232|2410|0
|#1423|MomoDevYamiDark|28533|7|948|98.6267|1652|0
|#1424|- Stum -|35786|11|948|97.7908|2418|7
|#1425|antedeguemonn|45213|76|948|99.562|2274|5
|#1426|yuguga|26797|16|948|98.2979|2008|2
|#1427|vrito4020|21274|95|947|97.6691|1363|4
|#1428|MontemorU|33218|17|947|99.0727|2353|4
|#1429|Juanssauro|31070|3|947|97.8274|2341|1
|#1430|Ahrye|16237|0|947|98.3274|1981|20
|#1431|_Rk|57218|13|945|97.4785|1442|15
|#1432|matheus034|44224|10|945|97.413|957|1
|#1433|D3sKT0P|27267|10|945|97.6662|2540|6
|#1434|Souza|61563|11|944|98.2513|1937|1
|#1435|shhy|68766|31|944|98.7449|3704|0
|#1436|- Pecas -|42611|22|944|98.5682|1938|3
|#1437|perneta23|58482|14|942|94.6473|2020|9
|#1438|xchroms|26826|16|942|98.6815|2377|3
|#1439|MatedanV|36132|12|941|97.2538|2320|3
|#1440|Get GoD|22773|10|939|97.8384|2120|3
|#1441|- iFeint|42743|28|939|98.393|3245|63
|#1442|arthurag9|22579|0|939|97.6856|1526|2
|#1443|Cheetos CS|28318|71|939|99.4671|2861|11
|#1444|loog|65206|39|938|98.6995|1831|1089
|#1445|[ DreamUp ]|20760|8|938|98.9214|1388|0
|#1446|Glove|51178|8|938|97.0387|2577|8
|#1447|Rayner|29990|23|936|97.8105|2236|24
|#1448|AndreSlayer12|38792|20|936|98.0276|1345|4
|#1449|SasukeJPP|65299|106|935|99.0127|2125|5
|#1450|Blackzaum|43099|93|934|99.5757|2555|4
|#1451|PowerDE|22456|25|934|99.077|2451|0
|#1452|GremorySKILLS|71735|7|934|97.805|1808|2
|#1453|White Whistle|19409|7|933|98.6331|2771|14
|#1454|JoaoAugusto987|24042|44|933|98.1259|2060|5
|#1455|Sakuta On Osu|51467|17|933|97.7604|1447|5
|#1456|Bayonetta|16644|78|932|98.6946|2150|40
|#1457|imgus|32344|18|931|98.9527|2004|0
|#1458|NSeLk3|47711|19|931|99.1128|1253|3
|#1459|JoaoGMR|69983|14|931|98.3416|4099|19
|#1460|1Gh0sT|30416|5|928|98.5175|1630|0
|#1461|Liviaiaiai|27260|44|928|98.0481|2217|14
|#1462|Cailus|72432|20|927|97.4003|3056|2
|#1463|zkug|57269|39|926|98.6259|1927|26
|#1464|QuaquePro|66723|12|926|98.445|2144|10
|#1465|JABIRIGUIBARATO|44173|25|926|98.025|2260|0
|#1466|xxlunoxx|15250|60|925|99.1526|1588|15
|#1467|Bikkie|44309|79|925|98.9492|2351|4
|#1468|yolooowat|35066|71|925|99.0603|2428|17
|#1469|Circulo|96627|11|922|98.5379|2045|77
|#1470|beise|52670|16|921|98.6303|2629|3
|#1471|vTr|35125|24|918|99.1292|1924|118
|#1472|SWAKE|53698|52|917|99.3324|5086|636
|#1473|Luke14|22892|22|915|98.6981|3045|2
|#1474|comimato|39784|21|914|98.4324|2309|0
|#1475|Lesirus|51456|12|913|98.9585|1587|3
|#1476|PNXK1ller|50183|14|913|98.2369|2055|22
|#1477|Mintzer|40025|12|912|96.4882|2226|4
|#1478|TikaW|82119|9|911|97.5814|1484|2
|#1479|RiffXS|17293|22|910|97.9167|2000|0
|#1480|endz1|13625|15|910|98.7801|1816|15
|#1481|pendrive 32gb|39526|11|910|98.2538|1653|11
|#1482|Miweum|58103|11|910|98.9719|4591|12
|#1483|bieel1503|49076|30|909|99.0513|1133|6
|#1484|[-Mega-]|46026|17|909|98.7495|2207|72
|#1485|miguel78921|24862|34|908|99.1502|1703|30
|#1486|Ninjaseanster|21841|13|906|97.952|1573|1
|#1487|RafaPombo|30196|18|905|98.0087|2435|6
|#1488|Yasdaskafraz|34466|77|905|97.7884|1702|1
|#1489|LooksLight|21738|29|904|99.1149|4149|24
|#1490|Gondim|33598|17|904|97.8712|3589|0
|#1491|Kitagod|49939|14|904|98.6039|2346|1
|#1492|Edward|72466|22|903|97.6639|2009|12
|#1493|fase|31433|11|903|95.8954|1084|1
|#1494|- Demetori -|27662|23|902|98.0047|2065|0
|#1495|Tonhao|50650|15|902|97.0646|2372|12
|#1496|BPSlover|31580|39|901|98.4955|1732|8
|#1497|Yuukii-san|46450|10|900|97.8474|2688|5
|#1498|KawakamiCks|35047|31|899|97.7961|1653|1
|#1499|Patchy|43570|68|898|98.7663|4196|61
|#1500|uwuKia|20642|79|898|99.1359|2348|20
